# srt_ind, vortex_number, sols, DeltaP, Gamma, pressure_scatter, dpdt_scatter, pressure_outlier_time, dpdt_outlier_time
0, 0, 14, 0.698558, 12.9454, 0.0900718, 0.0242035, -6.72, -8.72
1, 1, 14, 0.748128, 12.4003, 0.0637756, 0.0274652, -11.28, -1.28
2, 2, 14, 1.15952, 2.84131, 0.0953457, 0.0325061, -2.72, -4.72
3, 3, 14, 0.973078, 2.7553, 0.31675, 0.10393, 0.28, -0.72
4, 4, 14, 1.87495, 14.1937, 0.173215, 0.0292073, -11.52, -13.52
5, 5, 14, 1.90901, 15.1517, 0.283847, 0.0294297, -7.88, -13.88
6, 6, 14, 1.94021, 17.6693, 0.15117, 0.0281694, -14.16, -13.16
7, 0, 15, 0.588932, 14.3004, 0.0501059, 0.0141589, -10.72, -5.72
8, 1, 15, 1.23031, 11.3681, 0.096957, 0.019348, -13.12, -9.12
9, 2, 15, 2.52988, 8.79073, 0.151252, 0.0210159, -7.8, -11.8
10, 0, 16, 0.818026, 5.09329, 0.0853343, 0.0240923, -3.2, -4.2
11, 1, 16, 0.804713, 12.6974, 0.067803, 0.0221649, -12.24, -46.24
12, 2, 16, 0.765331, 28.8748, 0.0983671, 0.0108971, -8.532, -11.532
13, 3, 16, 1.33527, 6.22395, 0.0783455, 0.0128616, -5.2, -8.2
14, 0, 17, 0.741928, 2.58256, 0.10918, 0.0350635, -1.32, -12.32
15, 1, 17, 1.6066, 1.23037, 0.115249, 0.105487, -0.24, -1.24
16, 2, 17, 1.16607, 3.63649, 0.117467, 0.0395113, -1.84, -1.84
17, 0, 18, 0.789606, 14.9105, 0.10388, 0.00741301, -7.56, -23.56
18, 1, 18, 0.772117, 13.944, 0.122987, 0.00785779, -5.56, -18.56
19, 2, 18, 0.771326, 12.9677, 0.0835341, 0.00930333, -9.2, -18.2
20, 3, 18, 1.22657, 17.3391, 0.326933, 0.021053, -4.24, -10.24
21, 4, 18, 1.28731, 19.2552, 0.270075, 0.018236, -6.24, -10.24
22, 5, 18, 1.23668, 17.4744, 0.345453, 0.0211271, -4.24, -10.24
23, 6, 18, 1.35979, 20.7304, 0.167892, 0.0168646, -12.6, -10.6
24, 7, 18, 1.6941, 2.26742, 0.127089, 0.0668654, -1.6, -2.6
25, 0, 19, 1.63337, 10.6523, 0.21716, 0.0374357, -4.64, -11.64
26, 1, 19, 1.63781, 11.8626, 0.105121, 0.0352118, -14.28, -11.28
27, 2, 19, 0.890441, 16.4545, 0.15452, 0.034174, -9.6, -10.6
28, 3, 19, 0.886955, 16.221, 0.155906, 0.0350635, -9.6, -10.6
29, 4, 19, 1.22773, 15.6018, 0.384716, 0.0263903, -0.52, -20.52
30, 5, 19, 0.921805, 38.9058, 0.217269, 0.0305045, -7.52, -9.52
31, 6, 19, 1.32615, 19.9852, 0.37442, 0.0232769, -1.8, -19.8
32, 7, 19, 1.36582, 25.3782, 0.118366, 0.019385, -21.72, -18.72
33, 8, 19, 2.12163, 5.38641, 0.173434, 0.040475, -3.592, -4.592
34, 9, 19, 5.07984, 14.407, 0.470734, 0.0358419, -10.8, -21.8
35, 10, 19, 5.04068, 4.07097, 0.296763, 0.0584887, -3.72, -5.72
36, 11, 19, 5.17548, 14.8905, 0.194248, 0.0398079, -19.44, -20.44
38, 2, 20, 1.48783, 41.1377, 0.272324, 0.0140106, -23.44, -152.44
39, 3, 20, 1.53077, 98.9319, 0.300853, 0.0118608, -22.12, -432.12
40, 4, 20, 1.2263, 9.91, 0.0669347, 0.0154191, -9.2, -10.2
41, 0, 21, 1.25834, 2.31872, 0.156084, 0.0460348, -0.88, -1.88
42, 1, 21, 2.14501, 1.59629, 0.185058, 0.0766505, 0.2, -1.8
46, 0, 24, 1.0447, 8.7417, 0.220027, 0.0399561, -3.12, -5.12
47, 1, 24, 1.00454, 37.9886, 0.484834, 0.0160492, 127.88, -15.12
48, 2, 24, 1.07128, 18.4354, 0.191782, 0.0217943, -4.4, -5.4
49, 3, 24, 0.811961, 28.8006, 0.38132, 0.0195333, -6.28, -12.28
50, 4, 24, 0.865662, 30.7615, 0.413642, 0.0186067, 144.16, -11.84
52, 6, 24, 1.52821, 68.5285, 0.204137, 0.0158268, -31.64, -342.64
53, 7, 24, 0.630898, 11.819, 0.0875496, 0.0279841, -58.44, -34.44
54, 8, 24, 3.40698, 15.2936, 0.203373, 0.0215719, -14, -22
55, 9, 24, 3.48383, 18.9252, 0.290208, 0.0168275, -11.64, -21.64
56, 1, 25, 0.707937, 6.05438, 0.0395996, 0.0128986, -5.4, -5.4
57, 3, 25, 0.386124, 8.61157, 0.0549588, 0.0143071, -3.04, -6.04
58, 0, 26, 3.64137, 5.7226, 0.46239, 0.0631589, -2.88, -10.88
59, 1, 26, 2.79772, 7.85347, 0.183656, 0.0460719, -7.48, -7.48
60, 2, 26, 4.36852, 3.50417, 0.281018, 0.106896, -4.04, -5.04
61, 0, 27, 0.827084, 7.14055, 0.065863, 0.0150113, -5.64, -6.64
62, 1, 27, 0.658989, 1.67825, 0.0287065, 0.0204599, -1.16, -2.16
63, 2, 27, 0.91806, 9.9005, 0.0750919, 0.0117126, -7.72, -8.72
65, 1, 28, 0.454839, 42.2175, 0.0910989, 0.0274652, -23.72, -210.72
66, 2, 28, 0.686373, 1.48301, 0.064549, 0.0204599, -0.576, -1.576
67, 0, 29, 0.589022, 20.2647, 0.0880613, 0.0128245, -11.88, -47.88
68, 1, 29, 0.535286, 3.96641, 0.130525, 0.0446263, -0.36, -13.36
69, 2, 29, 1.36342, 3.16535, 0.1449, 0.0445893, -2.32, -3.32
70, 3, 29, 1.40083, 9.06576, 0.0751899, 0.0219425, -7.84, -6.84
71, 4, 29, 1.01555, 8.15669, 0.125377, 0.0315794, -4.12, -5.12
72, 5, 29, 0.685183, 28.6997, 0.0973639, 0.0137141, -12.24, -142.24
73, 6, 29, 0.913956, 7.21004, 0.115795, 0.0217572, -4.92, -19.92
74, 7, 29, 2.52684, 1.71253, 0.147994, 0.149891, -1.68, -1.68
75, 8, 29, 1.39816, 9.10785, 0.0505026, 0.0219425, -11.84, -6.84
76, 9, 29, 3.87857, 9.95666, 0.155193, 0.0197927, -11.48, -15.48
77, 10, 29, 2.86074, 4.06999, 0.174213, 0.0494448, -3.2, -5.2
78, 11, 29, 3.91225, 10.4153, 0.139611, 0.0196815, -12.48, -15.48
79, 0, 33, 0.521138, 31.4278, 0.150901, 0.0293555, -3.36, -149.36
80, 1, 33, 1.14009, 3.16375, 0.0451026, 0.023944, -3.124, -4.124
81, 2, 33, 3.4127, 5.31936, 0.308368, 0.0426989, -3.4, -7.4
82, 0, 34, 0.788442, 2.4536, 0.0361728, 0.0254266, -2.84, -3.84
83, 1, 34, 0.755335, 2.70219, 0.0978415, 0.0393631, -1.08, -4.08
84, 2, 34, 0.923435, 3.02049, 0.0954302, 0.0416611, -1.68, -2.68
85, 3, 34, 1.435, 3.27554, 0.113579, 0.0331362, -2.192, -3.192
86, 4, 34, 4.13373, 1.53991, 0.349319, 0.257083, -0.88, -0.88
87, 0, 35, 0.76998, 5.25559, 0.109638, 0.0140106, -1.76, -3.76
88, 1, 35, 0.797597, 0.617816, 0.0567627, 0.108415, 0.108, 1.108
89, 2, 35, 1.14884, 3.14282, 0.198822, 0.0458495, -1.48, -2.48
90, 0, 36, 1.41317, 14.8012, 0.15553, 0.0161974, -7.448, -22.448
91, 0, 37, 0.818928, 18.477, 0.11375, 0.0201634, -10.8, -81.8
92, 1, 37, 0.806757, 17.7486, 0.124579, 0.0196445, -8.8, -81.8
93, 2, 37, 1.98738, 2.24075, 0.170465, 0.0714985, -1.4, -1.4
94, 3, 37, 1.75852, 10.942, 0.139654, 0.0180877, -6.04, -9.04
95, 4, 37, 0.788316, 17.2687, 0.153077, 0.0202375, -5.16, -82.16
96, 0, 38, 0.529922, 59.698, 0.128127, 0.0137141, -40.08, -249.08
97, 1, 38, 1.32463, 4.09035, 0.0610772, 0.0194962, -3.8, -4.8
98, 2, 38, 1.15338, 1.8249, 0.101857, 0.0425877, -1.6, -2.6
99, 3, 38, 1.6752, 18.0614, 0.277443, 0.0293185, -14.56, -17.56
100, 4, 38, 1.64538, 16.9775, 0.250806, 0.0300227, -14.56, -17.56
101, 5, 38, 1.83178, 50.1558, 0.232337, 0.0207194, -19.48, -203.48
102, 6, 38, 2.99367, 4.79195, 0.150915, 0.033025, -5.6, -6.6
103, 0, 39, 2.06457, 15.7235, 0.0816284, 0.0221649, -19.28, -13.28
104, 1, 39, 1.24183, 7.88727, 0.0569988, 0.0123056, -9.932, -6.932
105, 2, 39, 4.73273, 15.2577, 0.370318, 0.021646, -12.24, -20.24
106, 3, 39, 4.72155, 15.1551, 0.311488, 0.0220166, -13.24, -20.24
107, 4, 39, 4.73033, 15.2823, 0.31029, 0.021646, -13.24, -20.24
108, 5, 39, 4.88062, 16.9568, 0.206016, 0.0194592, -16.24, -20.24
109, 6, 39, 2.48375, 2.63565, 0.084756, 0.0470356, -3.24, -3.24
110, 0, 41, 0.580889, 7.10314, 0.0332272, 0.0115643, -5.6, -7.6
111, 1, 41, 0.561851, 6.00062, 0.0731865, 0.0122315, -3.96, -7.96
112, 2, 41, 0.902189, 20.6375, 0.0654843, 0.0114531, -22.28, -22.28
113, 3, 41, 0.929026, 22.9317, 0.261801, 0.0105265, -3.92, -21.92
114, 4, 41, 0.995734, 20.712, 0.111556, 0.011416, -15.64, -22.64
115, 5, 41, 1.20413, 5.3539, 0.132946, 0.0190514, -1.84, -4.84
116, 1, 42, 0.599532, 35.72, 0.192257, 0.00889561, 2.2, -19.8
118, 3, 42, 0.519907, 25.9038, 0.186524, 0.0112678, -127.88, -18.88
119, 4, 42, 0.519672, 28.1461, 0.197826, 0.0104523, 5.2, -19.8
120, 5, 42, 0.730176, 46.3253, 0.0988776, 0.00822844, -21, -187
122, 0, 44, 3.1434, 10.6932, 0.210478, 0.0286142, -10.84, -13.84
123, 0, 45, 0.735731, 14.7359, 0.0454818, 0.0127504, -15.44, -5.44
124, 0, 46, 1.75285, 9.26326, 0.198637, 0.0255749, -4.8, -5.8
125, 0, 47, 0.637466, 7.13517, 0.0768153, 0.0204599, -4.708, -5.708
126, 1, 47, 0.651288, 17.7963, 0.0363895, 0.00785779, -14.48, -12.48
127, 0, 49, 1.25806, 12.3992, 0.220443, 0.0248707, -3.76, -11.76
128, 1, 49, 1.21091, 10.8235, 0.124505, 0.0258343, -6.4, -6.4
129, 2, 49, 2.88602, 3.34363, 0.234926, 0.0535219, -2.48, -6.48
130, 0, 50, 1.08153, 45.8526, 0.0509786, 0.00770953, -46.76, -15.76
131, 0, 51, 1.38596, 7.08663, 0.177338, 0.0217943, -4.56, -5.56
132, 0, 52, 1.09873, 10.9681, 0.0401859, 0.0106006, -12.2, -13.2
133, 1, 52, 0.764581, 11.7591, 0.149713, 0.0205711, -4.76, -7.76
134, 2, 52, 0.653504, 46.2349, 0.0953954, 0.00948865, -7.04, -231.04
135, 3, 52, 1.09296, 10.783, 0.0474303, 0.0107489, -11.2, -13.2
136, 4, 52, 1.06906, 9.71971, 0.0644876, 0.0116014, -10.56, -13.56
137, 5, 52, 1.4348, 18.4552, 0.17346, 0.0128245, -10.44, -17.44
138, 6, 52, 1.47501, 18.4163, 0.115401, 0.0128245, -15.44, -17.44
139, 7, 52, 1.17147, 1.90194, 0.0956731, 0.0510015, -1.96, -2.96
140, 8, 52, 1.83654, 1.76466, 0.155262, 0.0864357, -0.12, -1.12
141, 9, 52, 2.7789, 6.83452, 0.0964519, 0.0271316, -10.52, -7.52
142, 0, 53, 0.675608, 4.18101, 0.0764073, 0.0114902, -1.64, -9.64
143, 0, 54, 1.20206, 22.1944, 0.14463, 0.0153079, -8.92, -57.92
144, 0, 55, 0.357877, 2.03542, 0.0151876, 0.0117126, -8.7, -2.7
145, 1, 55, 0.975351, 6.39737, 0.0548858, 0.017643, -6.08, -9.08
146, 2, 55, 1.8117, 11.8495, 0.0380884, 0.00652345, -11.08, -16.08
147, 3, 55, 1.80767, 11.8018, 0.0385923, 0.00656051, -11.08, -16.08
148, 4, 55, 1.81325, 11.9553, 0.0662442, 0.00618986, -10.72, -15.72
149, 5, 55, 2.06909, 6.87187, 0.0660684, 0.0233139, -12.56, -7.56
150, 0, 56, 0.395025, 26.438, 0.0470389, 0.00874735, -9.56, -8.56
151, 1, 56, 1.13345, 1.62486, 0.0907488, 0.0483699, -1.68, -1.68
152, 2, 56, 1.10278, 1.8333, 0.0739696, 0.043848, -1.68, -1.68
153, 3, 56, 0.688735, 6.82518, 0.0608868, 0.0132322, -4.52, -5.52
154, 0, 57, 2.86873, 12.584, 0.2371, 0.0242405, -8.64, -10.64
155, 1, 57, 2.85631, 12.4347, 0.236442, 0.0242405, -8.64, -10.64
156, 2, 57, 2.77859, 11.2359, 0.238656, 0.0249818, -8.64, -10.64
157, 3, 57, 2.8175, 12.4717, 0.18431, 0.0242405, -9.64, -10.64
158, 0, 60, 1.57744, 14.1784, 0.170935, 0.0130098, -9.44, -19.44
159, 1, 60, 1.57003, 13.9006, 0.147728, 0.0128245, -9.44, -19.44
160, 2, 60, 1.61357, 14.7355, 0.0901665, 0.0119349, -11.44, -19.44
161, 3, 60, 1.63823, 16.3746, 0.218508, 0.0116384, -8.08, -20.08
162, 0, 61, 0.509127, 14.3723, 0.0382514, 0.0100446, -6.72, -6.72
163, 1, 61, 0.698, 30.869, 0.359673, 0.00796899, -143.52, -152.52
164, 2, 61, 0.922568, 4.44567, 0.0589958, 0.00948865, -4.52, -6.52
165, 3, 61, 0.793385, 24.9475, 0.0932741, 0.0092292, -25.6, -16.6
166, 4, 61, 0.926255, 18.4572, 0.113363, 0.01023, -10.8, -12.8
167, 5, 61, 0.914052, 17.3645, 0.0868605, 0.0098593, -12.8, -23.8
168, 6, 61, 1.19803, 3.4836, 0.0882863, 0.0154191, -2.64, -3.64
169, 0, 62, 0.901878, 1.14317, 0.0933346, 0.0593041, -0.2, -1.2
170, 0, 63, 0.620441, 11.9799, 0.100087, 0.0167534, -3.16, -18.16
171, 0, 64, 0.470432, 8.3993, 0.0748795, 0.0147148, -3.08, -7.08
172, 0, 65, 3.36965, 16.9639, 0.576589, 0.0201634, -7.84, -26.84
173, 1, 65, 0.872185, 1.13637, 0.0701125, 0.063233, -0.6, -0.6
174, 2, 65, 3.34909, 16.2838, 0.546179, 0.0228321, -7.84, -17.84
175, 3, 65, 3.47041, 17.7608, 0.462053, 0.0187549, -9.48, -26.48
176, 4, 65, 1.45626, 13.0352, 0.0907679, 0.0181248, -12.32, -18.32
177, 5, 65, 3.63179, 20.4677, 0.226361, 0.0137882, -19.84, -26.84
178, 6, 65, 8.88687, 3.27531, 0.565476, 0.126021, -2.2, -4.2
179, 0, 66, 0.329414, 16.6854, 0.061927, 0.0185325, -4.2, -34.2
180, 0, 68, 0.749233, 6.98513, 0.0630027, 0.0240552, -5.52, -3.52
181, 0, 69, 1.33852, 17.9808, 0.0674127, 0.0129728, -15.48, -17.48
182, 1, 69, 0.919564, 8.13105, 0.0600357, 0.0143071, -11.4, -12.4
183, 2, 69, 1.55436, 2.31453, 0.176825, 0.0376581, -0.72, -1.72
184, 0, 71, 0.794706, 27.7826, 0.0983877, 0.00815431, -16.72, -25.72
185, 1, 71, 0.686761, 22.5841, 0.175611, 0.0100446, -6.44, -22.44
186, 2, 71, 1.82094, 9.58231, 0.159839, 0.0186067, -8.16, -10.16
187, 3, 71, 0.806889, 39.7067, 0.0569441, 0.00652345, -24.44, -36.44
188, 0, 72, 0.732553, 25.7281, 0.107183, 0.00948865, -19.44, -22.44
189, 1, 72, 3.83326, 11.4052, 0.202148, 0.0127504, -10.68, -13.68
190, 0, 73, 0.940738, 14.0709, 0.101641, 0.0187549, -47.96, -49.96
191, 1, 73, 0.946006, 15.8144, 0.0926799, 0.015938, -47.96, -49.96
192, 0, 74, 1.08888, 1.91401, 0.0233755, 0.0227209, -4.48, -2.48
193, 0, 76, 1.55789, 2.46331, 0.112562, 0.0631959, -1.32, -1.32
194, 1, 76, 2.55426, 14.5429, 0.300934, 0.0147519, -7.4, -18.4
195, 2, 76, 2.57756, 15.3093, 0.321676, 0.0144554, -7.4, -18.4
196, 3, 76, 2.57403, 14.28, 0.131963, 0.0150484, -13.4, -18.4
197, 0, 78, 0.576801, 8.00749, 0.0529391, 0.00859909, -11.232, -14.232
198, 1, 78, 1.48103, 4.8886, 0.0636314, 0.019941, -5.08, -6.08
199, 2, 78, 1.45957, 4.49896, 0.0647817, 0.0202375, -5.08, -6.08
200, 3, 78, 1.94319, 1.67702, 0.0785294, 0.0548563, -2.16, -2.16
201, 0, 79, 0.691825, 22.6892, 0.0481355, 0.0105265, -20.56, -21.56
202, 1, 79, 0.877929, 4.46959, 0.0389845, 0.0182731, -5.6, -6.6
203, 2, 79, 1.24577, 1.57559, 0.0672835, 0.0671619, -0.96, -0.96
204, 0, 81, 1.36033, 14.7724, 0.119078, 0.0177542, -9.4, -10.4
205, 1, 81, 1.36103, 14.7855, 0.113096, 0.0177542, -9.4, -10.4
206, 2, 81, 1.03477, 6.33606, 0.144377, 0.0166051, -3.96, -6.96
207, 3, 81, 1.35083, 21.7657, 0.122472, 0.0121573, -10.76, -13.76
208, 4, 81, 1.4964, 7.24732, 0.126114, 0.0144554, -6.76, -13.76
209, 0, 82, 0.860157, 20.3162, 0.158502, 0.0145295, -8.6, -17.6
210, 1, 82, 1.25432, 32.0626, 0.227034, 0.00904387, -15.24, -35.24
211, 2, 82, 0.925969, 22.4805, 0.0452306, 0.0151225, -24.24, -15.24
212, 0, 83, 1.22316, 11.0033, 0.0913183, 0.0144924, -8.2, -34.2
213, 1, 83, 1.22669, 12.1078, 0.0925546, 0.0132693, -8.2, -35.2
214, 2, 83, 1.63977, 5.41863, 0.0592409, 0.0203487, -5.8, -5.8
215, 0, 86, 0.563153, 15.9335, 0.11947, 0.00719062, -4.64, -19.64
216, 1, 86, 0.569827, 16.4103, 0.104117, 0.00719062, -5.64, -19.64
217, 2, 86, 0.172281, 66.0668, 0.0651988, 0.00600454, -2.88, -99.88
218, 3, 86, 0.585943, 17.7352, 0.0789883, 0.00704236, -9.64, -19.64
219, 4, 86, 0.546661, 32.6672, 0.0406091, 0.00719062, -18, -20
220, 0, 88, 0.537299, 26.1811, 0.0658113, 0.0121573, -14.72, -5.72
221, 1, 88, 0.632929, 1.63288, 0.0549924, 0.0539297, -0.56, -1.56
222, 2, 88, 0.313531, 53.4505, 0.0799333, 0.0123427, -72.28, -182.28
224, 4, 88, 1.62002, 3.25376, 0.101328, 0.0309864, -2.2, -3.2
225, 0, 89, 1.15427, 5.70114, 0.0717369, 0.0173464, -4.52, -6.52
226, 1, 89, 0.579875, 12.6385, 0.0455346, 0.00956278, -8.4, -7.4
227, 2, 89, 1.94176, 7.8944, 0.0705924, 0.0124539, -8.6, -10.6
228, 3, 89, 1.92954, 7.54142, 0.0831856, 0.0134917, -7.6, -9.6
229, 0, 91, 1.15967, 16.7314, 0.496029, 0.0261679, 41.12, -12.88
230, 1, 91, 0.540341, 7.79087, 0.276201, 0.0680144, -38.2, -30.2
231, 2, 91, 1.54821, 33.021, 0.250598, 0.0137882, -21.56, -37.56
233, 4, 91, 1.56488, 37.8746, 0.616854, 0.0126021, -6.72, -43.72
234, 5, 91, 0.580978, 9.99212, 0.415426, 0.0563389, -49.2, -30.2
236, 7, 91, 1.11331, 15.6733, 0.440948, 0.0278359, 0.48, -12.52
238, 9, 91, 1.19327, 18.0697, 0.580747, 0.0247595, 49.12, -12.88
239, 10, 91, 1.87077, 37.2914, 0.298623, 0.0127504, -22.64, -42.64
240, 11, 91, 2.2739, 60.0254, 0.151111, 0.00934039, -49.16, -59.16
241, 12, 91, 1.37699, 12.9528, 0.105422, 0.0147519, -6.84, -15.84
242, 13, 91, 1.37387, 12.9037, 0.0802846, 0.0147519, -7.84, -15.84
243, 14, 91, 1.36197, 13.9917, 0.105502, 0.0129357, -8.2, -16.2
244, 0, 92, 0.805516, 6.91484, 0.0438401, 0.00845083, -3.8, -5.8
245, 0, 94, 1.31576, 1.25998, 0.0696482, 0.0493707, -1, -1
246, 0, 95, 1.13711, 16.8929, 0.280461, 0.0154932, -0.72, -21.72
247, 1, 95, 1.04384, 10.6684, 0.120797, 0.0213495, -13.72, -6.72
248, 0, 96, 0.196081, 17.5186, 0.0374304, 0.0170499, -7.08, -87.08
249, 0, 97, 0.802829, 6.04113, 0.0280348, 0.0162345, -4.96, -5.96
250, 1, 97, 0.767945, 5.22945, 0.0446085, 0.0158268, -3.6, -5.6
251, 0, 98, 0.475568, 3.94175, 0.0540607, 0.0160121, -1.76, -2.76
252, 0, 99, 0.57401, 7.83781, 0.0355534, 0.00741301, -7.04, -8.04
254, 2, 99, 1.06266, 5.15803, 0.249789, 0.0397337, -2.24, -3.24
255, 3, 99, 1.07236, 5.98346, 0.138949, 0.0356566, -2.24, -3.24
256, 4, 99, 0.624269, 4.63651, 0.0599096, 0.0143812, -4.88, -5.88
257, 5, 99, 0.809967, 26.7836, 0.0879885, 0.00945159, -8.28, -30.28
258, 0, 100, 0.84639, 1.67744, 0.103904, 0.0270575, -0.2, -2.2
259, 0, 123, 1.43843, 0.896096, 0.0728609, 0.0878442, -0.52, -0.52
260, 1, 123, 1.57582, 3.36418, 0.0304591, 0.0153449, -6.56, -7.56
261, 0, 124, 1.97302, 3.26068, 0.0638278, 0.0329879, -3.12, -4.12
262, 0, 125, 0.602706, 1.52814, 0.0569605, 0.0288366, -0.84, -1.84
264, 2, 125, 0.489392, 24.8732, 0.10667, 0.00978517, -16.88, -16.88
266, 0, 126, 0.842533, 17.7289, 0.215148, 0.0108971, -5, -35
267, 1, 126, 0.943865, 26.0523, 0.0560178, 0.00730182, -31.64, -56.64
268, 0, 128, 1.37115, 4.00276, 0.0812327, 0.0189032, -3.48, -6.48
276, 7, 129, 2.25646, 70.9581, 0.339427, 0.00896974, -48.84, -346.84
277, 0, 130, 0.727262, 5.00094, 0.0672247, 0.0116755, -2.04, -4.04
278, 1, 130, 0.626269, 13.3395, 0.067455, 0.0076354, -9.28, -29.28
279, 2, 130, 1.04935, 1.39244, 0.0746279, 0.0343964, -1.32, -2.32
280, 3, 130, 0.72156, 4.68926, 0.067621, 0.0143071, -2.04, -4.04
281, 4, 130, 0.649343, 14.9493, 0.116019, 0.0068941, -5.64, -29.64
282, 5, 130, 1.36637, 8.18331, 0.169207, 0.0263903, -3.72, -5.72
283, 6, 130, 1.43597, 3.88253, 0.14673, 0.0335809, -2.24, -5.24
284, 0, 131, 1.82096, 1.67783, 0.130558, 0.0781331, -1.16, -1.16
287, 2, 132, 0.776818, 24.0073, 0.404306, 0.0230915, -119.04, -4.04
288, 3, 132, 1.0044, 30.7458, 0.331364, 0.0183101, -5.88, -70.88
290, 5, 132, 0.868697, 23.4531, 0.210331, 0.0232027, -15.96, -2.96
291, 6, 132, 1.6383, 17.1537, 0.128543, 0.0144183, -13.32, -16.32
292, 7, 132, 0.905334, 24.6869, 0.36068, 0.022239, -1.24, -66.24
293, 9, 132, 1.60631, 16.355, 0.13093, 0.0150113, -13.68, -16.68
294, 10, 132, 1.63851, 17.1509, 0.130159, 0.0144183, -13.68, -16.68
295, 11, 132, 1.64539, 16.5408, 0.128723, 0.0149372, -13.68, -16.68
296, 0, 133, 1.94975, 5.12889, 0.104708, 0.0269834, -4.36, -4.36
297, 1, 133, 1.57012, 5.80303, 0.143847, 0.0223873, -3, -4
298, 0, 134, 1.48853, 14.5249, 0.0622096, 0.00756127, -14.8, -22.8
299, 1, 134, 1.48942, 14.492, 0.061054, 0.00756127, -14.8, -22.8
300, 2, 134, 1.46437, 13.5014, 0.0494247, 0.00785779, -14.8, -22.8
302, 1, 135, 1.40615, 10.3022, 0.0339412, 0.0117867, -13.12, -10.12
303, 2, 135, 1.40625, 10.2996, 0.0353197, 0.0117867, -13.12, -10.12
304, 3, 135, 1.40183, 10.1493, 0.102215, 0.0128245, -7.12, -10.12
305, 0, 138, 0.505755, 30.5036, 0.186427, 0.00956278, -9.44, -55.44
308, 3, 138, 1.31827, 10.9687, 0.097603, 0.0109342, -8.56, -15.56
309, 4, 138, 1.57019, 16.7872, 0.204661, 0.0139365, -8.12, -16.12
310, 5, 138, 0.820546, 54.1795, 0.130194, 0.00696823, -29.48, -51.48
311, 6, 138, 1.28452, 8.94034, 0.0999265, 0.0153079, -7.56, -14.56
312, 7, 138, 2.95804, 21.7678, 0.497605, 0.0206082, -8.08, -17.08
313, 8, 138, 1.53178, 15.9259, 0.169087, 0.015938, -10.12, -16.12
314, 9, 138, 1.56921, 19.8419, 0.154775, 0.0112678, -13.12, -20.12
315, 10, 138, 2.888, 20.6331, 0.545768, 0.0200893, -7.08, -17.08
316, 11, 138, 2.86066, 20.0444, 0.520348, 0.021053, -7.08, -17.08
317, 12, 138, 2.73233, 18.541, 0.229107, 0.0214236, -19.72, -16.72
318, 13, 138, 3.0829, 24.0542, 0.217753, 0.0213865, -26.36, -119.36
319, 0, 140, 0.796451, 5.15773, 0.0777542, 0.0111195, -3.16, -9.16
320, 0, 141, 1.9332, 1.02993, 0.123856, 0.13273, -0.84, -0.84
321, 1, 141, 1.09001, 3.71825, 0.0682143, 0.0255008, -3, -4
322, 2, 141, 2.13229, 5.47299, 0.186164, 0.0226838, -3.84, -5.84
323, 0, 142, 0.415764, 48.543, 0.0499647, 0.00415129, -23.36, -20.36
324, 1, 142, 0.806942, 12.0918, 0.0755959, 0.00919213, -12.08, -7.08
325, 0, 143, 0.681669, 3.18118, 0.0794352, 0.0339145, -3.36, -1.36
326, 0, 146, 1.08736, 12.0656, 0.103525, 0.00956278, -7.88, -11.88
327, 0, 147, 1.00042, 7.02404, 0.0624836, 0.0355825, -7.32, -6.32
328, 1, 147, 1.61227, 4.40103, 0.089321, 0.0369168, -2.884, -3.884
329, 0, 148, 0.71189, 1.73663, 0.044753, 0.0230174, -1.54, -2.54
330, 1, 148, 3.22302, 7.34667, 0.215757, 0.019385, -6.64, -18.64
331, 2, 148, 3.51421, 5.88831, 0.179815, 0.0332844, -5.28, -7.28
332, 3, 148, 3.52301, 5.95521, 0.186295, 0.0321354, -5.28, -7.28
333, 4, 148, 3.22768, 7.49693, 0.225299, 0.0174947, -6.64, -18.64
334, 1, 149, 0.46108, 1.86958, 0.0360462, 0.0158638, -1.16, -2.16
335, 0, 150, 0.761965, 10.0078, 0.112499, 0.0207194, -5.6, -5.6
336, 1, 150, 0.890974, 17.4628, 0.155371, 0.0126021, -4.76, -15.76
337, 0, 152, 0.764413, 15.1167, 0.114213, 0.0168275, -30.76, -33.76
338, 1, 152, 1.16058, 4.83971, 0.197176, 0.0181619, -2.6, -9.6
339, 0, 153, 0.996333, 5.74923, 0.0473518, 0.0209047, -7.64, -7.64
340, 0, 154, 1.18283, 5.11263, 0.0813773, 0.0160492, -5.48, -6.48
341, 0, 155, 2.44909, 2.55247, 0.146634, 0.0704236, -1.4, -2.4
342, 0, 156, 0.915896, 12.8852, 0.227528, 0.0147519, -2.8, -9.8
343, 1, 156, 0.901174, 12.4548, 0.0856874, 0.0158638, -10.52, -51.52
344, 2, 156, 0.928119, 13.3514, 0.257895, 0.0145295, 3.2, -9.8
345, 3, 156, 0.60395, 76.5019, 0.0859633, 0.0083767, -21.4, -113.4
346, 4, 156, 0.657038, 1.60219, 0.034591, 0.0177171, -0.84, -2.84
347, 5, 156, 2.23013, 8.77851, 0.150987, 0.0168275, -7.92, -10.92
348, 6, 156, 2.24908, 9.27493, 0.149574, 0.0160121, -8.92, -10.92
349, 0, 157, 0.824557, 2.42886, 0.0475935, 0.0227579, -2.32, -3.32
350, 0, 158, 2.57688, 4.85623, 0.10317, 0.0252784, -4.64, -6.64
351, 1, 158, 2.50517, 4.20674, 0.146074, 0.0292443, -3.64, -5.64
352, 1, 160, 1.21803, 14.435, 0.131518, 0.0194592, -9.52, -12.52
353, 2, 160, 0.553689, 1.443, 0.028466, 0.0256861, -0.48, -1.48
354, 3, 160, 1.23212, 21.0499, 0.131512, 0.0186808, -11.88, -12.88
355, 0, 161, 0.866318, 11.3805, 0.0495214, 0.0175688, -10.96, -13.96
356, 1, 161, 1.63652, 3.26451, 0.0849761, 0.0415499, -4.36, -5.36
357, 0, 162, 0.726332, 6.68652, 0.0570732, 0.0106006, -7.36, -8.36
358, 1, 162, 2.38387, 7.36254, 0.138828, 0.0563389, -27.56, -28.56
359, 0, 163, 1.69285, 10.1669, 0.161099, 0.0186808, -7.08, -10.08
360, 1, 163, 2.10432, 6.63184, 0.1436, 0.040994, -7.44, -5.44
361, 2, 163, 1.80318, 10.1066, 0.0569003, 0.0117126, -10.92, -11.92
362, 3, 163, 2.10322, 6.58493, 0.171208, 0.040994, -5.44, -5.44
363, 0, 164, 1.1705, 3.65568, 0.0554876, 0.025612, -4.56, -2.56
364, 0, 165, 1.23849, 4.80308, 0.108469, 0.0260567, -2.68, -4.68
365, 1, 165, 4.02053, 0.68788, 0.255401, 0.341369, -0.36, -1.36
366, 0, 166, 1.2591, 3.06083, 0.0602844, 0.0169017, -2.92, -5.92
367, 1, 166, 1.72006, 5.26506, 0.120495, 0.0454788, -5.432, -2.432
368, 2, 166, 4.57172, 2.0971, 0.220857, 0.116903, -1.52, -2.52
369, 0, 167, 0.633556, 3.5461, 0.0405717, 0.0200893, -3.844, -2.844
370, 1, 167, 1.01765, 1.95589, 0.100239, 0.0200893, -1, -3
371, 2, 167, 0.707977, 22.3843, 0.104327, 0.00874735, -7.4, -9.4
372, 3, 167, 4.24182, 1.4776, 0.375757, 0.221019, -0.56, -1.56
373, 0, 168, 0.640355, 13.0975, 0.0388157, 0.00926626, -12.72, -64.72
375, 2, 168, 0.830318, 63.4955, 0.122428, 0.0130469, -19.16, -184.16
376, 3, 168, 0.89236, 2.29316, 0.0937834, 0.032469, -0.6, -1.6
377, 4, 168, 1.0126, 3.62136, 0.0486673, 0.0226467, -3.8, -2.8
378, 5, 168, 1.99049, 4.89716, 0.115173, 0.0441074, -4.464, -4.464
379, 6, 168, 3.73825, 5.03883, 0.328808, 0.048407, -2.88, -4.88
380, 7, 168, 3.10389, 4.52225, 0.246818, 0.0719433, -3.4, -4.4
381, 0, 169, 0.931229, 1.74195, 0.0893153, 0.046146, -0.36, -1.36
382, 1, 169, 1.38507, 5.12867, 0.153544, 0.0275023, -3.32, -5.32
383, 0, 170, 1.96146, 1.50835, 0.166368, 0.0819138, -0.572, -1.572
384, 1, 170, 4.58786, 3.98317, 0.198609, 0.0455159, -4.8, -6.8
385, 0, 171, 0.97977, 3.45988, 0.08586, 0.0381029, -3.96, -0.96
386, 1, 171, 1.09334, 1.36619, 0.0428519, 0.0466278, -1.764, -0.764
387, 3, 171, 3.20594, 3.78035, 0.211736, 0.0518169, -2.36, -4.36
388, 0, 172, 2.32461, 3.00821, 0.144004, 0.0507791, -2.92, -3.92
389, 1, 172, 2.12693, 2.05035, 0.168185, 0.0959244, -1.92, -1.92
390, 0, 173, 0.997026, 1.65183, 0.0663708, 0.0179395, -1.2, -2.2
391, 1, 173, 2.55655, 1.15648, 0.192491, 0.185436, 0.32, -0.68
392, 2, 173, 1.89158, 9.34944, 0.125356, 0.0269834, -6.04, -7.04
393, 3, 173, 1.88607, 9.55013, 0.241204, 0.0255749, -4.04, -7.04
394, 0, 176, 1.28309, 7.88209, 0.15093, 0.0342481, -3.88, -7.88
395, 1, 176, 1.20929, 6.69447, 0.215998, 0.0375098, -2.88, -5.88
396, 2, 176, 2.04887, 17.1651, 0.339531, 0.0252042, -6.96, -84.96
397, 3, 176, 1.7568, 2.18044, 0.211286, 0.0667912, -0.72, -1.72
398, 4, 176, 1.66794, 7.55371, 0.145574, 0.0494818, -5.76, -5.76
399, 5, 176, 2.00372, 17.4586, 0.0759404, 0.0245741, -81.32, -85.32
400, 1, 177, 1.27888, 1.2684, 0.0485941, 0.0475174, -0.96, -1.96
401, 2, 177, 1.83417, 2.79235, 0.284695, 0.0568949, -0.76, -2.76
402, 3, 177, 1.39694, 3.63792, 0.121815, 0.0461089, -1.6, -1.6
403, 4, 177, 3.36149, 2.38932, 0.192605, 0.115791, -3.44, -1.44
404, 0, 178, 1.02997, 15.4196, 0.123424, 0.0106747, -9.4, -16.4
405, 1, 178, 1.45803, 8.78663, 0.101523, 0.0320983, -7.108, -6.108
406, 2, 178, 3.39084, 1.58105, 0.222034, 0.143405, -0.76, -1.76
407, 0, 179, 0.926376, 3.48115, 0.169903, 0.0653828, -0.2, -2.2
408, 1, 179, 2.79248, 8.0231, 0.286392, 0.0429213, -5.08, -7.08
409, 0, 180, 0.646635, 10.6409, 0.0822038, 0.0171241, -4.08, -53.08
410, 1, 180, 2.32029, 11.9854, 0.123783, 0.0272058, -9.76, -10.76
411, 2, 180, 2.27745, 11.1304, 0.150683, 0.0309864, -8.12, -9.12
412, 0, 181, 1.22216, 4.34543, 0.08574, 0.0374357, -2.92, -3.92
413, 0, 182, 0.627083, 55.239, 0.212816, 0.0196445, -11.04, -276.04
414, 1, 182, 1.7721, 1.22066, 0.240191, 0.12161, 0.36, -0.64
415, 2, 182, 1.78304, 1.16036, 0.230674, 0.199262, 0.12, -0.88
416, 0, 187, 1.06787, 7.35298, 0.0941877, 0.0246483, -4.56, -6.56
417, 1, 187, 1.65168, 0.950007, 0.0885815, 0.140254, -0.44, 1.56
418, 2, 187, 1.08424, 9.4798, 0.114608, 0.0223132, -3.56, -7.56
419, 3, 187, 3.07541, 5.90609, 0.171643, 0.040475, -6.56, -7.56
420, 0, 188, 0.92623, 7.74327, 0.0594403, 0.0197927, -4.32, -6.32
421, 1, 188, 2.54217, 2.17966, 0.175282, 0.110787, -1.64, -1.64
422, 1, 190, 1.26486, 2.62166, 0.0792947, 0.0330991, -2.44, -5.44
423, 0, 191, 0.744318, 31.3282, 0.0781454, 0.0279471, -23.28, -130.28
424, 1, 191, 0.660969, 27.5655, 0.0913382, 0.0299486, -14.64, -0.64
425, 2, 191, 0.661366, 58.2434, 0.116459, 0.0183843, -216.44, -219.44
426, 3, 191, 4.52364, 3.27494, 0.365082, 0.0932557, -1.68, -2.68
427, 0, 192, 1.05415, 6.58602, 0.122798, 0.0338033, -3.16, -32.16
428, 1, 192, 2.29124, 0.726537, 0.0940175, 0.164272, 0.228, -0.772
429, 0, 193, 1.83779, 16.0122, 0.346064, 0.0273169, -7.92, -16.92
430, 1, 193, 0.848353, 10.7805, 0.193893, 0.0276505, -0.88, -22.88
431, 2, 193, 1.45785, 2.87005, 0.194378, 0.0711649, -0.32, -2.32
432, 3, 193, 0.870634, 7.5602, 0.172955, 0.0390666, -1.6, -22.6
433, 4, 193, 1.26346, 3.50147, 0.278504, 0.0462572, -0.04, -3.04
434, 5, 193, 1.55723, 8.68984, 0.109158, 0.023944, -7.24, -7.24
435, 7, 193, 1.55546, 8.29738, 0.0953604, 0.0246853, -9.88, -6.88
436, 8, 193, 1.82376, 14.9655, 0.366473, 0.0300227, -5.92, -16.92
437, 9, 193, 1.99394, 28.2639, 0.221502, 0.0258714, -15.56, -16.56
438, 0, 194, 1.4103, 12.7747, 0.135102, 0.0278729, -11.2, -32.2
439, 1, 194, 1.41694, 12.8504, 0.183396, 0.0279471, -8.2, -32.2
440, 2, 194, 1.42548, 13.0695, 0.207616, 0.0278729, -7.56, -32.56
441, 3, 194, 1.43673, 13.4158, 0.214734, 0.0277247, -7.56, -32.56
442, 4, 194, 1.46909, 17.287, 0.1025, 0.0252042, -28.2, -35.2
443, 0, 195, 0.593859, 8.25071, 0.0772086, 0.0202746, -3.32, -2.32
444, 1, 195, 1.68354, 3.15142, 0.114693, 0.0456641, -1.64, -2.64
445, 0, 196, 0.578227, 14.4398, 0.0399996, 0.0160492, -49.32, -50.32
446, 1, 196, 0.581999, 14.626, 0.038745, 0.0155673, -49.32, -50.32
447, 3, 196, 3.15318, 1.13133, 0.128601, 0.11631, -0.96, -1.96
448, 0, 197, 0.656331, 35.7846, 0.10954, 0.014826, -6.88, -7.88
449, 1, 197, 1.22304, 4.64128, 0.10551, 0.0424766, -3.6, -2.6
450, 2, 197, 3.07836, 2.46897, 0.0791333, 0.0442557, -4.24, -4.24
451, 0, 198, 0.878021, 7.35668, 0.0679789, 0.0282436, -7.48, -9.48
452, 2, 198, 0.894095, 10.1516, 0.17312, 0.0235734, -1.84, -9.84
453, 3, 198, 2.21046, 4.19206, 0.16, 0.0514092, -4.12, -3.12
454, 0, 199, 0.644536, 9.95758, 0.0922795, 0.0130098, -6.52, -8.52
455, 1, 199, 1.25456, 5.90451, 0.0640552, 0.0246483, -6.48, -6.48
456, 0, 200, 1.17661, 8.23017, 0.0438844, 0.015382, -10.2, -12.2
457, 1, 200, 2.23764, 1.05286, 0.251276, 0.178357, -0.36, 1.64
458, 0, 201, 0.349452, 18.9539, 0.115518, 0.0220166, -1.96, -2.96
459, 1, 201, 0.762089, 18.1362, 0.0503904, 0.0140847, -90.36, -21.36
460, 2, 201, 2.14308, 2.4695, 0.114562, 0.0657905, -1.52, -2.52
461, 3, 201, 0.762408, 18.1162, 0.0599041, 0.0140847, -90.36, -21.36
462, 4, 201, 0.930912, 7.30796, 0.0965437, 0.0219425, -4.428, -10.428
463, 5, 201, 0.78278, 30.7764, 0.084988, 0.0104523, -16.64, -20.64
464, 6, 201, 2.14496, 2.4979, 0.13808, 0.0552269, -1.52, -2.52
465, 0, 202, 0.890919, 6.33586, 0.0528144, 0.0246112, -6, -7
466, 0, 203, 1.27122, 4.38227, 0.0595905, 0.0306899, -4, -5
467, 2, 203, 2.32974, 5.53476, 0.0848501, 0.023351, -7.36, -5.36
468, 3, 203, 2.07425, 1.75153, 0.283807, 0.108304, -0.2, -1.2
469, 4, 203, 2.3281, 5.45777, 0.212772, 0.0249077, -3.36, -5.36
470, 5, 203, 1.96696, 2.99815, 0.139436, 0.0303563, -1.96, -3.96
471, 6, 203, 1.78843, 3.87727, 0.109278, 0.0318759, -3.76, -3.76
475, 3, 204, 0.912468, 20.497, 0.240214, 0.0133434, -2.16, -14.16
478, 6, 204, 0.602429, 7.2844, 0.0729703, 0.0214236, -7.32, -1.32
479, 7, 204, 0.446481, 24.617, 0.0335353, 0.0118979, -14.16, -15.16
480, 8, 204, 1.22085, 20.563, 0.101559, 0.0160862, -18.44, -15.44
481, 9, 204, 0.413844, 35.1077, 0.0625087, 0.0112678, -11.88, -15.88
483, 11, 204, 0.857462, 16.7916, 0.111223, 0.0133064, -10.88, -14.88
484, 12, 204, 0.999563, 6.54147, 0.128307, 0.0329138, -3.2, -1.2
485, 13, 204, 0.639258, 5.94338, 0.0980512, 0.0203487, -0.68, -1.68
486, 14, 204, 1.24066, 19.4334, 0.210283, 0.0190144, -10.44, -12.44
487, 15, 204, 1.22034, 4.08797, 0.118595, 0.040475, -2.6, -2.6
488, 16, 204, 1.23021, 18.7547, 0.243996, 0.0191997, -6.8, -12.8
491, 19, 204, 1.26839, 18.6568, 0.145288, 0.019348, -13.72, -11.72
492, 20, 204, 2.04274, 2.36529, 0.196236, 0.0785038, -1.52, -2.52
493, 0, 205, 0.891046, 15.7184, 0.110212, 0.0300968, -5.96, -10.96
494, 0, 207, 0.315173, 42.4116, 0.0976997, 0.020497, -206.44, -207.44
495, 0, 208, 0.994553, 4.6696, 0.0443095, 0.0352859, -6.36, -3.36
496, 1, 208, 0.995048, 4.78953, 0.0512519, 0.0345446, -6.36, -3.36
497, 2, 208, 2.18179, 2.3702, 0.0656388, 0.0487405, -3.2, -3.2
498, 0, 209, 0.949965, 16.1864, 0.122565, 0.0171982, -8.96, -12.96
499, 1, 209, 0.893251, 13.3862, 0.101911, 0.0207194, -8.6, -9.6
500, 2, 209, 0.832052, 25.15, 0.0798243, 0.02109, -10.6, -125.6
501, 0, 210, 0.330345, 11.3532, 0.0986991, 0.0223132, -1.92, -2.92
502, 1, 210, 0.319872, 9.96166, 0.0837856, 0.0260197, -2.92, 2.08
503, 2, 210, 0.497847, 77.4673, 0.0677003, 0.0126762, -217.2, -320.2
504, 3, 210, 1.86677, 5.45231, 0.312251, 0.0534478, -3.36, -4.36
505, 4, 210, 2.0206, 6.22765, 0.203799, 0.0573767, -4, -4
506, 5, 210, 1.39117, 1.3186, 0.104055, 0.0768729, 0.16, -0.84
507, 6, 210, 2.22594, 1.78268, 0.12332, 0.0862874, -1.6, -1.6
508, 0, 211, 0.244181, 5.90686, 0.0411105, 0.0168275, -0.96, -28.96
509, 1, 211, 0.423541, 10.3075, 0.054986, 0.0179395, -11, -12
510, 2, 211, 0.843898, 35.4641, 0.124043, 0.0243517, -29.6, -56.6
511, 3, 211, 3.89732, 1.33484, 0.224214, 0.151151, -1, -2
512, 0, 212, 1.03464, 0.502185, 0.0284109, 0.16064, 0.16, -0.84
513, 1, 212, 0.679138, 1.85949, 0.0901704, 0.0838412, -1.04876e-09, 1
514, 2, 212, 0.747883, 29.5602, 0.102037, 0.0266498, -14.8, -68.8
515, 3, 212, 0.922026, 1.13132, 0.0925138, 0.0705719, -1.31095e-09, -1
516, 0, 213, 0.791969, 8.39064, 0.0720063, 0.0276505, -3.72, -4.72
517, 1, 213, 0.826103, 1.96696, 0.113771, 0.030764, 0.16, -0.84
518, 2, 213, 1.1593, 7.20006, 0.102161, 0.0316906, -3.48, -14.48
519, 0, 214, 1.22249, 7.51337, 0.181921, 0.0349894, -2.96, -3.96
520, 1, 214, 0.888472, 2.21931, 0.0937456, 0.0461831, -1.704, -2.704
521, 2, 214, 1.23695, 8.2953, 0.175998, 0.0345446, -3.32, -4.32
522, 3, 214, 0.897733, 8.93635, 0.0613052, 0.0252784, -8, -9
523, 4, 214, 0.95043, 5.12516, 0.219884, 0.0293185, -0.512, -2.512
524, 0, 215, 0.881721, 16.0343, 0.103066, 0.0271316, -9.28, -60.28
526, 2, 215, 0.901285, 20.5295, 0.29414, 0.0268351, -1.08, -3.08
527, 3, 215, 1.04764, 35.7791, 0.139164, 0.0255008, -139.28, -142.28
528, 4, 215, 1.44067, 1.1639, 0.271366, 0.102781, 0.32, -0.68
530, 1, 216, 1.05724, 27.2153, 0.236939, 0.0166422, -12.2, -66.2
532, 3, 216, 1.28513, 27.4643, 0.384256, 0.0166051, 3.44, -66.56
533, 4, 216, 1.24003, 37.2546, 0.14051, 0.0138253, -15.32, -63.32
534, 5, 216, 3.6339, 1.80204, 0.154795, 0.10912, -1.24, -2.24
535, 0, 217, 0.773755, 22.8541, 0.145335, 0.00830257, -5.84, -24.84
536, 1, 217, 0.752457, 21.0417, 0.0727405, 0.00845083, -14.2, -25.2
537, 2, 217, 0.764027, 25.7253, 0.0740843, 0.00741301, -14.2, -29.2
538, 1, 218, 0.934715, 2.23975, 0.0700374, 0.0363979, -1.96, -0.96
539, 2, 218, 0.599706, 3.89382, 0.0762276, 0.0183101, -1.64, -3.64
540, 0, 219, 1.09416, 6.51123, 0.0689087, 0.0211271, -6.6, -7.6
541, 1, 219, 1.68956, 4.54507, 0.0950916, 0.0353601, -5.76, -2.76
542, 0, 220, 1.00536, 1.13924, 0.0782448, 0.0999274, -0.76, -0.76
543, 1, 220, 1.66132, 1.61164, 0.188192, 0.0976294, -0.816, -0.816
544, 2, 220, 1.50397, 1.71067, 0.0556274, 0.0491483, -1, -2
545, 0, 221, 1.7208, 1.11862, 0.085268, 0.0935893, -0.44, -1.44
546, 1, 221, 1.41723, 13.7975, 0.178028, 0.0275764, -8.12, -13.12
547, 2, 221, 1.46366, 14.8332, 0.174409, 0.0267239, -7.76, -12.76
548, 3, 221, 1.41975, 13.7268, 0.189486, 0.0288366, -8.12, -13.12
549, 4, 221, 1.46727, 14.354, 0.236643, 0.0272428, -6.76, -12.76
550, 0, 223, 1.02587, 4.1889, 0.120416, 0.0297632, -2.24, -6.24
551, 1, 223, 2.06636, 2.18727, 0.198965, 0.0889191, -0.72, -1.72
552, 0, 224, 0.723541, 23.8673, 0.0953932, 0.0224614, -117.04, -118.04
553, 1, 224, 0.972481, 11.1172, 0.147089, 0.0310605, -5.12, -2.12
554, 2, 224, 1.18818, 15.737, 0.210959, 0.017087, -5.32, -33.32
555, 3, 224, 1.20445, 15.4937, 0.207475, 0.0169017, -5.96, -32.96
557, 5, 224, 1.01861, 13.103, 0.109729, 0.0262421, -7.12, -7.12
559, 7, 224, 0.964548, 18.2761, 0.126923, 0.0226097, -7.12, -21.12
561, 9, 224, 0.754999, 29.4296, 0.0758569, 0.0114902, -26.92, -39.92
562, 0, 225, 0.799377, 6.23746, 0.077851, 0.0374357, -2.96, -3.96
563, 2, 225, 1.08591, 2.19833, 0.190933, 0.0576732, -0.68, -0.68
564, 0, 226, 0.774195, 13.1471, 0.136323, 0.0238328, -6.372, -20.372
565, 1, 226, 0.827903, 26.6398, 0.0999522, 0.01768, -19.444, -44.444
566, 2, 226, 0.828354, 16.9396, 0.106337, 0.0292814, -9.96, -14.96
567, 3, 226, 0.907273, 10.8608, 0.168527, 0.0205711, -1.64, -9.64
568, 0, 227, 0.564752, 13.4505, 0.167251, 0.0194962, 0.2, -55.8
569, 1, 227, 0.751799, 8.2515, 0.0351633, 0.0143442, -7.48, -5.48
570, 2, 227, 0.751694, 9.02613, 0.035634, 0.0134546, -7.48, -5.48
571, 0, 228, 0.764077, 3.07441, 0.0950791, 0.0303933, -2.2, -3.2
572, 2, 228, 2.55781, 6.46084, 0.0944936, 0.0318759, -7.44, -7.44
573, 0, 229, 0.880183, 2.81112, 0.089645, 0.039289, -1.012, -2.012
574, 1, 229, 0.867373, 9.71243, 0.147264, 0.0217201, -2.76, -3.76
575, 2, 229, 1.03732, 2.32522, 0.164883, 0.0590076, -0.68, -0.68
576, 3, 229, 0.924053, 5.53255, 0.0662004, 0.0361014, -4.88, -1.88
577, 0, 230, 0.642919, 3.53366, 0.164799, 0.0332844, -0.92, -1.92
578, 1, 230, 1.36119, 2.19446, 0.116868, 0.0994085, -1.76, -0.76
579, 2, 230, 0.583459, 3.78589, 0.149971, 0.0178654, 0.44, -1.56
580, 3, 230, 1.44635, 3.81548, 0.111694, 0.0424766, -2.32, -3.32
581, 4, 230, 2.26759, 8.35778, 0.203541, 0.0598971, -7, -3
582, 0, 231, 1.76036, 13.0942, 0.166873, 0.0228691, -9.52, -12.52
583, 1, 231, 0.657006, 20.6883, 0.127561, 0.0246853, -3.352, -82.352
584, 2, 231, 1.19444, 2.49962, 0.102299, 0.0382511, -1.76, -2.76
585, 3, 231, 1.06966, 8.42953, 0.177083, 0.0194962, -3.28, -4.28
586, 4, 231, 1.71736, 11.0177, 0.130772, 0.0268722, -11.52, -11.52
587, 5, 231, 6.97169, 2.14371, 0.30117, 0.177542, -1.28, -2.28
588, 0, 233, 0.748701, 20.2058, 0.0690362, 0.0118608, -13.76, -27.76
589, 1, 233, 0.455439, 9.00033, 0.135018, 0.0328026, -15.84, -18.84
590, 2, 233, 0.873608, 6.05642, 0.14291, 0.0431808, -6.32, -7.32
591, 3, 233, 1.16065, 2.92253, 0.206995, 0.0627882, -1.08, -2.08
592, 4, 233, 1.20148, 1.28689, 0.281643, 0.0340999, 0.08, -1.92
593, 5, 233, 1.13561, 20.1835, 0.205367, 0.0194221, -11.08, 5.92
594, 6, 233, 0.954827, 2.04451, 0.0989142, 0.0601195, -1.172, -2.172
595, 7, 233, 1.34566, 36.6441, 0.197516, 0.0137882, -14.72, -11.72
596, 8, 233, 1.82616, 4.25415, 0.107474, 0.0627882, -6.24, -2.24
597, 9, 233, 1.52766, 11.5442, 0.118726, 0.0295038, -6.52, -6.52
598, 10, 233, 5.35481, 1.05993, 0.294202, 0.304452, -0.84, -0.84
599, 0, 235, 1.03854, 12.527, 0.11688, 0.0127504, -7.92, -9.92
600, 1, 235, 1.07261, 14.2747, 0.0793193, 0.0124168, -9.56, -9.56
601, 2, 235, 1.67302, 7.07532, 0.0938359, 0.0445522, -7.4, -6.4
602, 3, 235, 1.08287, 16.7693, 0.0395235, 0.0112307, -24.56, -9.56
603, 0, 236, 0.535247, 6.13144, 0.116526, 0.0213495, -0.24, -2.24
604, 1, 236, 0.379932, 82.0576, 0.0933977, 0.0146036, -11.864, -409.864
605, 1, 237, 2.3568, 2.80937, 0.15869, 0.0452194, -2.32, -3.32
606, 0, 238, 0.915446, 0.781919, 0.0513789, 0.0477769, 0.12, -0.88
607, 1, 238, 0.671265, 59.6789, 0.0905499, 0.0105635, -35.52, -224.52
608, 2, 238, 1.78741, 2.50441, 0.214871, 0.0716838, -1.36, -2.36
609, 3, 238, 3.78533, 1.23876, 0.391078, 0.182212, -0.84, -0.84
610, 0, 239, 0.592408, 3.45962, 0.0812175, 0.0246483, -1.408, -2.408
611, 1, 239, 3.84539, 7.202, 0.263375, 0.0522988, -5.8, -5.8
612, 2, 239, 1.5873, 2.50304, 0.0941216, 0.0483328, -2.56, -1.56
613, 3, 239, 3.87055, 7.56238, 0.27586, 0.0499637, -5.44, -5.44
614, 0, 240, 0.614062, 7.12497, 0.0980537, 0.0234992, -3.904, -0.904
615, 0, 241, 0.321905, 6.81753, 0.0613922, 0.0134917, -1.68, -14.68
616, 1, 241, 0.844334, 11.5526, 0.180211, 0.0249818, -3.64, -3.64
617, 2, 241, 3.17754, 7.2054, 0.186483, 0.0505197, -6.72, -7.72
618, 0, 243, 1.33853, 10.25, 0.168825, 0.0214607, -6.28, -7.28
619, 1, 243, 1.01376, 7.00669, 0.143031, 0.0237958, -2.88, -3.88
620, 2, 243, 0.996314, 8.97606, 0.0500212, 0.0188661, -16.52, -9.52
621, 3, 243, 0.807017, 14.5711, 0.0795215, 0.0113419, -14.08, -20.08
622, 4, 243, 1.41729, 14.4122, 0.114597, 0.0203117, -8.24, -6.24
623, 5, 243, 0.738905, 32.0291, 0.0759454, 0.00989637, -16.28, -18.28
624, 0, 244, 1.26577, 1.30859, 0.0832216, 0.0429955, -0.68, -1.68
625, 0, 245, 0.94744, 1.01278, 0.0502264, 0.0527806, -0.96, -0.96
626, 1, 245, 0.675198, 5.31813, 0.0238312, 0.00845083, -6.84, -7.84
627, 0, 246, 0.753434, 33.1948, 0.112432, 0.0209788, -27.92, -108.92
628, 0, 248, 2.2066, 12.4485, 0.19279, 0.033062, -8.64, -18.64
629, 1, 248, 1.52283, 1.31385, 0.0880269, 0.107637, -0.72, -0.72
630, 2, 248, 2.26016, 13.0256, 0.111453, 0.0306899, -27.64, -21.64
631, 0, 249, 1.18901, 9.08598, 0.150338, 0.0257231, -3.64, -4.64
632, 1, 249, 0.667218, 2.12348, 0.054422, 0.0332103, -1.96, -2.96
633, 2, 249, 1.27044, 1.60396, 0.10503, 0.0994085, -0.88, -0.88
634, 0, 250, 0.344951, 15.5833, 0.0399757, 0.0127504, -13.68, 0.32
635, 1, 250, 0.606687, 23.9997, 0.0601052, 0.0119349, -14.36, -15.36
636, 2, 250, 1.75565, 4.27195, 0.189842, 0.0670136, -2.32, -2.32
637, 0, 251, 0.7486, 7.78608, 0.138118, 0.0260938, -3.84, -5.84
638, 0, 252, 2.42591, 19.3797, 0.263237, 0.0305045, -12.84, -18.84
639, 1, 252, 0.720619, 3.9277, 0.0707407, 0.0381029, -3.36, -0.36
640, 2, 252, 2.42182, 18.8327, 0.237846, 0.030208, -13.2, -19.2
641, 3, 252, 1.19999, 7.70967, 0.0998192, 0.0372133, -4.96, -4.96
642, 4, 252, 2.46166, 26.1051, 0.110164, 0.0289107, -17.2, -19.2
643, 5, 252, 2.47429, 3.86369, 0.131222, 0.0332844, -5.92, -6.92
644, 0, 253, 0.817188, 5.08359, 0.0711074, 0.0249818, -3.212, -4.212
645, 1, 253, 1.43943, 2.70028, 0.0519347, 0.0558941, -2.88, -1.88
646, 2, 253, 3.64109, 0.745845, 0.147684, 0.118015, 0.16, -0.84
647, 1, 254, 3.43596, 10.56, 0.239527, 0.0373245, -12.32, -14.32
648, 2, 254, 0.800789, 1.90775, 0.0921063, 0.0778366, -1.88, -0.88
649, 3, 254, 0.767095, 8.71201, 0.0707505, 0.0212012, -7.144, -4.144
650, 4, 254, 3.37482, 9.75253, 0.30539, 0.0403268, -11.32, -14.32
651, 5, 254, 3.38751, 9.38151, 0.264864, 0.0428843, -10.32, -14.32
652, 6, 254, 3.40365, 10.5064, 0.308722, 0.0378805, -12.32, -14.32
653, 7, 254, 5.49744, 4.82422, 0.29666, 0.0711278, -6.2, -7.2
654, 0, 255, 0.628552, 1.80215, 0.0547406, 0.0506309, -0.848, -0.848
655, 1, 255, 2.15083, 1.48337, 0.200213, 0.0702012, -0.24, -1.24
656, 0, 256, 0.606579, 12.9825, 0.0673885, 0.0171241, -6.332, -7.332
657, 1, 256, 0.217181, 93.6072, 0.0884661, 0.0145666, 7.56, -439.44
658, 2, 256, 1.2677, 0.975231, 0.325248, 0.0898457, -0.04, -1.04
659, 1, 257, 1.45317, 6.43414, 0.0717738, 0.0200151, -7.4, -8.4
660, 2, 257, 1.22046, 3.08499, 0.0887015, 0.0719062, -3.32, -2.32
661, 3, 257, 2.02319, 1.47394, 0.156639, 0.13336, -1.768, -0.768
662, 4, 257, 1.44214, 6.2604, 0.0577579, 0.0203487, -7.4, -8.4
663, 5, 257, 1.42418, 6.0151, 0.12248, 0.0224985, -6.4, -8.4
664, 0, 258, 0.604499, 33.9985, 0.0793029, 0.0164198, -18.56, -19.56
665, 1, 258, 1.46698, 11.1565, 0.143055, 0.0334697, -45.44, -8.44
666, 2, 258, 0.913378, 2.55528, 0.0884295, 0.0602307, -2.64, -2.64
667, 3, 258, 1.46024, 17.0407, 0.162779, 0.0262421, -11.72, -15.72
668, 0, 259, 1.14215, 1.40507, 0.153227, 0.106006, -0.56, 1.44
669, 0, 260, 0.84469, 2.30218, 0.149604, 0.0542632, 0.12, -0.88
670, 0, 261, 0.709207, 4.24673, 0.13191, 0.0407716, -1.72, -2.72
671, 1, 261, 1.11642, 1.65979, 0.0947046, 0.03877, -0.08, -1.08
672, 2, 261, 1.30009, 11.5997, 0.119817, 0.0318759, -57.76, -37.76
673, 3, 261, 1.26613, 10.6148, 0.11313, 0.0293926, -7.76, -37.76
674, 4, 261, 1.30842, 13.7793, 0.163995, 0.0205711, -6.88, -7.88
675, 5, 261, 1.21573, 10.1483, 0.353222, 0.0302822, 3.6, -37.4
676, 0, 262, 0.809314, 3.44538, 0.094616, 0.048407, -3.92, -0.92
677, 1, 262, 1.90181, 1.48852, 0.100914, 0.0571543, -1.08, -2.08
678, 0, 263, 0.873246, 4.06793, 0.163318, 0.0478881, -2.52, -5.52
679, 1, 263, 1.35448, 5.67432, 0.209369, 0.0457012, -3.4, -5.4
680, 2, 263, 0.894115, 7.06624, 0.0338631, 0.0117867, -7.68, -7.68
681, 3, 263, 0.881293, 6.67332, 0.0635639, 0.0155673, -5.68, -6.68
682, 4, 263, 2.10072, 2.55559, 0.157099, 0.0813207, -1.2, -2.2
683, 0, 264, 1.40596, 2.71069, 0.0865163, 0.0447005, -2.64, -4.64
684, 0, 265, 1.50023, 12.585, 0.131277, 0.0240552, -12.24, -14.24
685, 1, 265, 1.5143, 13.1475, 0.137948, 0.0235734, -65.24, -14.24
686, 2, 265, 1.49168, 11.8838, 0.130863, 0.0237216, -12.24, -14.24
687, 3, 265, 1.50086, 12.1953, 0.183291, 0.0250189, -11.24, -14.24
688, 4, 265, 1.08985, 2.60891, 0.107782, 0.0225356, -0.92, -2.92
689, 5, 265, 1.45235, 19.4158, 0.172701, 0.0217201, -11.16, -13.16
690, 6, 265, 4.38996, 5.00365, 0.191562, 0.044441, -6.52, -7.52
691, 0, 266, 0.61392, 1.93238, 0.0852078, 0.0183843, -0.156, -1.156
693, 2, 266, 1.14576, 1.37215, 0.21522, 0.0705348, 0.44, -0.56
694, 0, 267, 0.759216, 48.7527, 0.108765, 0.0163828, -215, -231
695, 1, 267, 1.31791, 2.68848, 0.109963, 0.0654569, -1.16, -2.16
696, 0, 268, 0.468002, 75.424, 0.0973607, 0.0133434, -36.788, -375.788
697, 2, 268, 3.77068, 3.43999, 0.180123, 0.064938, -3.44, -3.44
698, 0, 285, 1.08299, 2.4328, 0.132574, 0.0558941, -1.08, -1.08
699, 1, 285, 0.971386, 17.8053, 0.227557, 0.0180136, -4.24, -11.24
700, 2, 285, 0.946067, 16.9291, 0.133454, 0.0166793, -6.88, -26.88
701, 3, 285, 0.928743, 14.5098, 0.0986059, 0.0169017, -11.52, -26.52
702, 0, 286, 0.337427, 34.0481, 0.0919152, 0.0183843, -29.12, -135.12
703, 1, 286, 1.14839, 2.77189, 0.15804, 0.0499637, -1, -1
704, 2, 286, 1.94943, 1.01814, 0.109185, 0.0967398, -0.52, -1.52
705, 3, 286, 3.30189, 3.49879, 0.240391, 0.0571543, -3.08, -4.08
706, 0, 287, 0.688958, 1.4528, 0.0845375, 0.0303933, 0.08, -0.92
707, 0, 288, 0.777809, 18.4357, 0.113502, 0.0253525, -13.16, -14.16
708, 1, 288, 1.40847, 12.3263, 0.108829, 0.0180877, -7.72, -60.72
709, 2, 288, 1.12654, 2.77005, 0.0825465, 0.0620098, -2.36, -3.36
710, 3, 288, 1.41006, 12.5473, 0.108395, 0.0180136, -7.72, -60.72
711, 4, 288, 1.39921, 13.0916, 0.125343, 0.0179395, -7.36, -60.36
712, 5, 288, 1.94048, 0.658492, 0.130294, 0.142552, 0.24, -0.76
713, 0, 289, 2.45354, 3.19741, 0.259032, 0.0692375, -0.88, -1.88
714, 1, 289, 3.10732, 3.71887, 0.202527, 0.0630847, -2.08, -3.08
715, 0, 290, 0.804919, 15.0295, 0.176555, 0.0157897, -74.92, -4.92
716, 1, 290, 0.824828, 16.1467, 0.177418, 0.0153449, -79.92, -4.92
717, 2, 290, 0.819635, 73.5554, 0.114541, 0.00978517, -19.92, -18.92
718, 3, 290, 2.24974, 3.65178, 0.261695, 0.0733147, -1.84, -1.84
719, 0, 291, 0.8626, 1.39009, 0.0484082, 0.0483328, -1.8, -1.8
720, 1, 291, 0.546056, 1.66043, 0.0700815, 0.0438109, -0.796, -0.796
721, 2, 291, 0.467445, 1.99282, 0.0391975, 0.0209788, -1, -2
722, 3, 291, 0.728037, 1.89424, 0.0876149, 0.0281694, -0.76, -1.76
723, 4, 291, 1.23153, 5.43265, 0.127679, 0.0515204, -3.08, -1.08
724, 0, 292, 0.7666, 8.2016, 0.0705652, 0.0282065, -4.84, -4.84
725, 1, 292, 0.351148, 26.5257, 0.0790605, 0.0231286, -2.28, -3.28
726, 0, 294, 0.51365, 20.0394, 0.227405, 0.0133805, 67.44, -8.56
727, 1, 294, 0.67881, 5.41314, 0.0445987, 0.0145295, -7.676, -8.676
728, 2, 294, 0.558839, 15.2357, 0.062479, 0.0186808, -10.564, -4.564
729, 3, 294, 0.546282, 22.4364, 0.268873, 0.0118608, 98.08, -9.92
730, 4, 294, 0.906152, 67.4651, 0.0619034, 0.0068941, -48.88, -50.88
731, 5, 294, 0.660586, 43.6172, 0.0916719, 0.0190144, -14.84, -28.84
732, 6, 294, 1.20449, 1.83227, 0.126191, 0.0446263, -0.12, -1.12
733, 0, 295, 0.526878, 18.0829, 0.0650998, 0.029059, -8, -9
734, 1, 295, 0.635992, 7.98543, 0.107219, 0.0332844, -1.6, -2.6
735, 2, 295, 0.857932, 21.4539, 0.24397, 0.011416, -2.12, -9.12
736, 3, 295, 0.946989, 46.7183, 0.0747588, 0.00919213, -32.24, -16.24
737, 0, 296, 0.508394, 37.4468, 0.131281, 0.0260938, -5.76, -138.76
738, 2, 296, 0.868913, 2.8631, 0.0733016, 0.0431808, -4.524, -5.524
739, 0, 297, 0.657923, 1.1318, 0.0672488, 0.0483328, -0.16, -1.16
740, 1, 297, 0.804588, 6.05852, 0.102111, 0.0297262, -1.48, -2.48
741, 2, 297, 2.12909, 7.20693, 0.19836, 0.0342852, -9.48, -10.48
742, 3, 297, 0.652258, 2.92722, 0.142513, 0.0393631, 0.04, -0.96
743, 4, 297, 0.612023, 1.63919, 0.0732681, 0.0358419, -0.64, -1.64
744, 5, 297, 2.13005, 7.39493, 0.186165, 0.0328026, -9.48, -10.48
745, 6, 297, 0.646885, 17.159, 0.109864, 0.0269463, -4.4, -5.4
746, 7, 297, 3.03448, 10.6847, 0.229714, 0.0377322, -53.08, -10.08
747, 8, 297, 3.01748, 10.3985, 0.225478, 0.0373616, -51.08, -10.08
748, 9, 297, 3.037, 12.6298, 0.425271, 0.0305045, -5.72, -10.72
749, 10, 297, 2.13079, 8.30153, 0.126513, 0.0298003, -9.48, -11.48
750, 11, 297, 3.94536, 6.91386, 0.186033, 0.0435144, -8.56, -9.56
751, 0, 298, 1.12284, 9.94934, 0.135928, 0.026205, -5.48, -6.48
752, 1, 298, 1.18841, 5.4447, 0.172227, 0.0246853, -1.68, -7.68
753, 2, 298, 1.10987, 13.9091, 0.139454, 0.0231286, -4.76, -5.76
754, 0, 299, 0.972188, 14.3586, 0.0999462, 0.0263903, -8.8, -8.8
755, 1, 299, 0.980751, 20.0945, 0.145042, 0.0224614, -7.44, -9.44
756, 2, 299, 1.05799, 2.0612, 0.111219, 0.0518169, -0.04, -1.04
757, 3, 299, 1.03724, 2.52515, 0.0901165, 0.0536702, -1.872, -1.872
758, 4, 299, 1.54194, 3.37099, 0.0918784, 0.0406233, -2.8, -3.8
759, 5, 299, 1.53904, 5.46613, 0.0389991, 0.0277247, -7.8, -8.8
760, 6, 299, 1.52467, 5.17676, 0.18061, 0.0274652, -2.8, -8.8
761, 7, 299, 2.1116, 6.48656, 0.118157, 0.0316536, -4.76, -5.76
762, 0, 300, 1.34183, 1.06692, 0.200721, 0.115124, 0.24, -0.76
763, 1, 300, 0.985949, 18.0968, 0.263806, 0.018236, 0.56, -10.44
764, 2, 300, 0.97562, 19.1524, 0.150394, 0.0179766, -8.72, -9.72
765, 3, 300, 0.200391, 49.7578, 0.0516319, 0.0117867, -15.504, -173.504
767, 5, 300, 0.894202, 16.1019, 0.194618, 0.0253525, -3.08, -18.08
768, 6, 300, 0.897735, 15.9093, 0.218388, 0.025649, 0.92, -18.08
770, 8, 300, 0.661978, 11.1211, 0.470895, 0.0196445, 42.24, -10.76
771, 9, 300, 0.972223, 7.94516, 0.138424, 0.0369909, -2.4, -39.4
772, 10, 300, 0.863603, 15.2417, 0.1589, 0.0244629, -6.08, -76.08
773, 11, 300, 0.848126, 21.4368, 0.0973073, 0.023907, -13.64, -16.64
774, 12, 300, 1.29585, 35.7399, 0.115349, 0.0150113, -23.6, -173.6
777, 15, 300, 0.938316, 16.0953, 0.229851, 0.0201634, -2.44, -10.44
778, 16, 300, 0.941298, 22.083, 0.117976, 0.0187549, -12.28, -98.28
780, 18, 300, 1.38986, 41.6968, 0.099445, 0.0150484, -23.96, -173.96
781, 19, 300, 1.32989, 1.15212, 0.240078, 0.129691, 0.24, -0.76
782, 0, 301, 1.50503, 18.3189, 0.357744, 0.0321725, -3.36, -86.36
783, 1, 301, 1.57227, 18.4058, 0.186546, 0.0319501, -12, -86
784, 0, 302, 1.04549, 5.56424, 0.122198, 0.0431067, -5.6, -1.6
785, 0, 303, 0.562966, 2.62709, 0.0535555, 0.0278729, -2.8, -0.8
786, 1, 303, 1.01564, 3.31677, 0.171758, 0.0508533, -1.2, -2.2
787, 2, 303, 2.25044, 4.84195, 0.140245, 0.0468132, -4.52, -4.52
788, 0, 304, 1.01433, 1.83337, 0.0830262, 0.0674213, -0.56, -1.56
789, 1, 304, 1.47863, 5.0066, 0.148142, 0.0281324, -2.52, -5.52
790, 2, 304, 1.06964, 27.4197, 0.129975, 0.0202005, -11.88, -3.88
791, 3, 304, 0.744503, 5.97616, 0.0610008, 0.0167163, -3.76, -4.76
792, 0, 305, 1.81894, 1.62904, 0.11971, 0.0827292, -1.68, -1.68
793, 1, 305, 2.18372, 1.65236, 0.102575, 0.0844342, -1.6, -2.6
794, 0, 306, 0.608035, 36.5509, 0.136689, 0.0174947, -2.8, -114.8
795, 1, 306, 0.596461, 28.7259, 0.106686, 0.0226838, -15.08, -139.08
796, 2, 306, 1.18993, 5.98271, 0.0969576, 0.0337663, -6.28, -4.28
798, 4, 306, 2.15115, 0.944954, 0.231574, 0.0950348, 0.52, -0.48
799, 5, 306, 1.69331, 2.1137, 0.126805, 0.0773918, -1, -1
800, 1, 307, 0.532252, 15.734, 0.136754, 0.022202, 0.4, -78.6
801, 2, 307, 0.465226, 7.59136, 0.057224, 0.0378064, -3.96, -4.96
802, 3, 307, 0.561809, 9.06203, 0.0551043, 0.0194962, -3.2, -3.2
803, 0, 308, 0.646393, 4.73075, 0.132689, 0.0327284, -0.48, -1.48
804, 1, 308, 0.995568, 6.24374, 0.180711, 0.0186067, -3.12, -9.12
805, 2, 308, 2.13057, 1.56312, 0.134843, 0.0768729, -0.8, -1.8
806, 0, 309, 0.975911, 18.245, 0.194498, 0.018829, -4.48, -27.48
807, 1, 309, 1.2675, 1.87263, 0.186746, 0.0457383, -0.84, -1.84
808, 2, 309, 1.45814, 6.79526, 0.122013, 0.0364349, -4.112, -5.112
809, 3, 309, 1.45881, 6.79237, 0.118615, 0.0364349, -4.112, -5.112
810, 4, 309, 1.46137, 7.03222, 0.118217, 0.0382511, -4.04, -5.04
811, 5, 309, 1.00183, 19.789, 0.0829306, 0.0184584, -15.12, -27.12
812, 6, 309, 2.80811, 1.83588, 0.263374, 0.094553, -1.52, -2.52
813, 0, 310, 0.566266, 0.976511, 0.0759101, 0.0630106, -0.16, -1.16
814, 1, 310, 0.643964, 12.7124, 0.164474, 0.0280953, -4.08, -5.08
815, 2, 310, 0.659978, 14.7046, 0.223046, 0.0252042, 0.28, -4.72
816, 3, 310, 0.598602, 27.1665, 0.138192, 0.022239, -15.04, -57.04
817, 4, 310, 0.769487, 4.85077, 0.0571858, 0.0154932, -3.672, -4.672
819, 6, 310, 1.79816, 2.91165, 0.131643, 0.0659017, -3.304, -2.304
820, 0, 311, 0.739182, 5.19924, 0.0756308, 0.0124168, -4.16, -7.16
821, 1, 311, 0.902597, 4.13544, 0.0983927, 0.0323949, -1.744, -2.744
822, 2, 311, 1.27807, 3.63247, 0.0730498, 0.0306899, -2.84, -3.84
823, 3, 311, 1.02087, 12.1307, 0.0711608, 0.0143071, -9.12, -15.12
824, 4, 311, 1.29493, 1.81111, 0.0308062, 0.0362867, -2.76, -2.76
825, 0, 312, 0.490906, 33.0652, 0.189494, 0.0283177, 1.48, -100.52
826, 1, 312, 0.392609, 5.1893, 0.0749651, 0.0219425, -0.44, -5.44
827, 2, 312, 1.65212, 18.3912, 0.31499, 0.0164939, -3.64, -30.64
828, 3, 312, 1.62338, 17.4367, 0.307214, 0.0168646, -3.64, -30.64
829, 4, 312, 1.60239, 16.7855, 0.137057, 0.0180507, -15.64, -17.64
831, 1, 313, 0.92923, 68.5116, 0.0801382, 0.0137882, -283, -339
832, 2, 313, 1.62693, 7.82484, 0.0913519, 0.0311346, -7.76, -22.76
833, 3, 313, 1.89069, 2.562, 0.0492633, 0.0587481, -2.36, -2.36
834, 4, 313, 0.913433, 3.38776, 0.0397655, 0.0253154, -3.792, -4.792
835, 5, 313, 1.61567, 9.41961, 0.0969067, 0.0299856, -8.4, -22.4
836, 6, 313, 2.26771, 2.01543, 0.300099, 0.0756127, -0.12, -2.12
837, 0, 314, 1.09437, 2.17362, 0.111346, 0.0540409, -1.2, -2.2
838, 1, 314, 1.69783, 2.51023, 0.148454, 0.0647156, -1.72, -2.72
839, 1, 315, 0.593771, 5.00763, 0.0789853, 0.0237958, -2.32, -2.32
840, 2, 315, 0.314514, 81.8201, 0.123871, 0.0174947, 5.6, -330.4
841, 3, 315, 1.21401, 6.37007, 0.173599, 0.0303192, -2.44, -16.44
842, 4, 315, 1.15256, 9.64002, 0.180798, 0.0250189, -2.44, -16.44
843, 5, 315, 0.811258, 3.83803, 0.109181, 0.0234251, -1.56, -3.56
844, 6, 315, 2.62395, 1.49787, 0.149705, 0.125428, -1.68, -1.68
845, 0, 316, 0.83493, 16.9989, 0.0776676, 0.0161604, -10, -12
846, 1, 316, 0.917504, 15.3912, 0.093573, 0.0255749, -73.8, -76.8
847, 2, 316, 0.904033, 17.7978, 0.143326, 0.0251672, -72.44, -74.44
848, 3, 316, 0.95473, 17.2231, 0.118256, 0.0251672, -70.8, -74.8
849, 4, 316, 0.956668, 17.1054, 0.117167, 0.0251301, -70.8, -74.8
850, 5, 316, 0.903947, 17.8093, 0.142961, 0.0251672, -72.44, -74.44
851, 6, 316, 2.42151, 3.83992, 0.104842, 0.0631218, -4.32, -5.32
852, 0, 318, 0.837833, 1.65577, 0.11951, 0.0669395, 0.08, -0.92
853, 1, 318, 1.13122, 11.2402, 0.138056, 0.0295038, -7.24, -8.24
854, 0, 319, 1.08137, 2.01082, 0.194551, 0.0677179, -0.5, -1.5
855, 0, 320, 0.275738, 32.2598, 0.103967, 0.0122315, -34.64, -36.64
858, 1, 323, 0.416995, 22.9843, 0.0591802, 0.00859909, -17.48, -9.48
859, 2, 323, 0.403912, 22.3311, 0.129155, 0.00845083, -2.76, -8.76
860, 3, 323, 0.353765, 12.0173, 0.0276448, 0.0120091, -33.88, -38.88
861, 4, 323, 0.494132, 30.5022, 0.0729369, 0.00867322, -14.12, -125.12
862, 5, 323, 0.614353, 4.21949, 0.094576, 0.0474433, -0.92, 1.08
863, 7, 323, 1.13728, 0.777077, 0.103472, 0.0931445, 0.296, -0.704
864, 8, 323, 0.593761, 44.1317, 0.06081, 0.0111195, -36.08, -154.08
865, 9, 323, 6.02135, 7.59835, 0.40759, 0.0613797, -7.8, -8.8
866, 0, 324, 0.64488, 7.17827, 0.0636508, 0.0309493, -7.16, -8.16
867, 1, 324, 0.719088, 12.0503, 0.0980567, 0.0213865, -6.48, -6.48
868, 2, 324, 1.2276, 1.90235, 0.120829, 0.0398079, -0.44, -2.44
869, 3, 324, 2.23813, 10.8073, 0.111361, 0.0327284, -36.16, -41.16
870, 4, 324, 2.20567, 11.0419, 0.179692, 0.034174, -7.8, -12.8
871, 0, 325, 0.671971, 17.7421, 0.0610826, 0.0168275, -85.72, 2.28
872, 1, 325, 0.518872, 10.4634, 0.086803, 0.0171982, -2.88, -4.88
873, 2, 325, 0.484588, 18.5363, 0.0599369, 0.0101929, -8.44, -29.44
874, 3, 325, 0.623946, 18.7752, 0.0496843, 0.0127133, -19.4, -85.4
875, 0, 326, 0.738645, 11.8781, 0.150941, 0.0305416, -1.92, 0.08
876, 0, 327, 0.91019, 2.21132, 0.0823123, 0.0461089, -1.68, -1.68
877, 1, 327, 0.573676, 10.5004, 0.0825486, 0.0318018, -5.6, -7.6
878, 2, 327, 1.76701, 3.6904, 0.0777023, 0.0277988, -4.8, -6.8
879, 0, 328, 0.681051, 8.71189, 0.107511, 0.0274281, -3.92, -42.92
881, 2, 328, 0.645774, 1.00181, 0.094929, 0.0563018, 0.272, -0.728
882, 4, 328, 0.863947, 20.0919, 0.0571225, 0.0104523, -23.32, -95.32
883, 6, 328, 3.85682, 1.247, 0.114043, 0.304971, -1.8, -0.8
884, 0, 329, 0.712818, 2.42732, 0.0653816, 0.0428101, -1.8, -0.8
886, 0, 330, 1.16474, 2.19074, 0.0792782, 0.036472, -0.536, -1.536
887, 1, 330, 2.80721, 26.1468, 0.52045, 0.0208676, -7.72, -24.72
888, 2, 330, 2.7868, 27.4603, 0.678732, 0.0209047, -3.72, -24.72
889, 3, 330, 0.746462, 3.24758, 0.0383265, 0.0149002, -3.08, -4.08
890, 4, 330, 1.51562, 5.75945, 0.112513, 0.04218, -6.08, -3.08
891, 5, 330, 1.45271, 2.2071, 0.14205, 0.0500749, -0.84, -1.84
893, 7, 330, 2.94616, 20.7085, 0.106929, 0.0214236, -27.08, -25.08
894, 0, 331, 0.986927, 4.12335, 0.270059, 0.0455159, -0.04, -1.04
895, 1, 331, 1.16861, 40.2581, 0.0748741, 0.0176059, -29.32, -11.32
896, 2, 331, 2.44526, 10.152, 0.140156, 0.0241664, -10.12, -19.12
897, 1, 332, 0.969161, 11.9131, 0.2505, 0.0254637, -0.48, -12.48
898, 2, 332, 0.963095, 14.1498, 0.152563, 0.0269834, -6.4, -11.4
899, 3, 332, 1.20257, 6.26221, 0.070321, 0.0206452, -5.52, -5.52
900, 4, 332, 1.39763, 15.4414, 0.129268, 0.0277617, -10.24, -11.24
901, 0, 333, 0.646011, 29.4819, 0.116113, 0.0192738, -7.4, -7.4
902, 1, 333, 0.956377, 10.9086, 0.13436, 0.0213495, -4.44, -4.44
903, 2, 333, 0.959508, 13.3699, 0.124948, 0.0206823, -6.08, -4.08
904, 3, 333, 1.26473, 1.36539, 0.229507, 0.111158, 0.24, -0.76
906, 1, 334, 0.792764, 1.87102, 0.0552941, 0.0610091, -0.72, -1.72
907, 2, 334, 0.559968, 17.7931, 0.0686253, 0.0148631, -8.64, -3.64
911, 6, 334, 0.713109, 19.5728, 0.105673, 0.0121944, -12.44, -17.44
912, 7, 334, 1.40216, 2.83784, 0.0707673, 0.0345076, -2.56, -3.56
913, 8, 334, 1.76708, 1.81362, 0.100283, 0.0567837, -0.76, -1.76
914, 9, 334, 0.798951, 4.31274, 0.0710089, 0.0406974, -4.14, -2.14
915, 10, 334, 1.7535, 7.6705, 0.147031, 0.0277988, -6.32, -8.32
916, 11, 334, 1.7671, 7.70499, 0.151622, 0.0277988, -6.32, -8.32
917, 12, 334, 0.75033, 21.0595, 0.132033, 0.0117126, -12.08, -17.08
918, 13, 334, 1.56226, 4.98836, 0.0880429, 0.0156044, -8.76, -12.76
919, 0, 335, 0.731711, 17.8484, 0.0897438, 0.0163828, -13.88, -35.88
920, 1, 335, 0.762582, 11.3602, 0.0702414, 0.025649, -7.92, -4.92
921, 2, 335, 0.749243, 15.4305, 0.0806716, 0.0226097, -7.56, -8.56
922, 3, 335, 1.54744, 2.30496, 0.175371, 0.097407, -0.96, -0.96
923, 0, 336, 1.8748, 10.4595, 0.0931978, 0.0299115, -12.52, -8.52
924, 1, 336, 0.917538, 2.19227, 0.0754644, 0.0395855, -1.48, -2.48
925, 2, 336, 2.12324, 1.31426, 0.0688466, 0.0794304, -1.52, -1.52
926, 3, 336, 1.86414, 11.3714, 0.16857, 0.0306157, -7.88, -8.88
927, 0, 337, 0.854008, 5.41745, 0.080462, 0.0270946, -4.44, -2.44
928, 1, 337, 0.755445, 4.21318, 0.0966096, 0.0301339, -1.748, -2.748
929, 2, 337, 3.63993, 11.8959, 0.208719, 0.0362496, -13.8, -14.8
930, 3, 337, 3.69975, 12.7582, 0.335723, 0.0345446, -8.8, -14.8
931, 4, 337, 3.69732, 12.5637, 0.255633, 0.0352118, -11.44, -14.44
932, 0, 338, 0.905003, 2.54818, 0.144554, 0.0276135, -0.56, -2.56
933, 0, 339, 0.429138, 7.27662, 0.0533383, 0.0146778, -3.988, -5.988
934, 1, 339, 0.820981, 1.96874, 0.0473256, 0.0386218, -1, -1
935, 3, 339, 2.1897, 3.60391, 0.139568, 0.0351377, -2.412, -4.412
936, 0, 340, 0.559829, 3.96165, 0.160041, 0.0669395, -13.12, 1.88
937, 0, 342, 1.305, 0.986207, 0.130753, 0.107822, 0.36, -0.64
938, 1, 342, 0.714212, 38.0976, 0.125869, 0.0262421, -23.96, -157.96
939, 2, 342, 1.36922, 5.28093, 0.122968, 0.0406974, -2.6, -3.6
940, 1, 343, 1.12368, 5.73928, 0.0937787, 0.0169017, -2.8, -4.8
941, 2, 343, 1.12657, 5.86462, 0.0975764, 0.015938, -2.8, -4.8
942, 3, 343, 2.07537, 18.9432, 0.340833, 0.0226467, -7.56, -20.56
943, 4, 343, 2.04591, 18.1664, 0.327729, 0.0246853, -7.56, -11.56
944, 5, 343, 2.10128, 21.0622, 0.155491, 0.0214236, -20.84, -19.84
945, 0, 344, 0.689422, 2.287, 0.059744, 0.0410681, -1.8, -1.8
946, 1, 344, 0.825044, 4.4666, 0.0776106, 0.0217943, -2.924, -4.924
947, 2, 344, 0.800377, 6.42971, 0.091672, 0.0246112, -2.888, -4.888
948, 0, 345, 0.805133, 3.72852, 0.0652258, 0.0383253, -4.12, -5.12
949, 1, 345, 0.49017, 29.0641, 0.0618222, 0.0162345, -9.92, -3.92
950, 2, 345, 0.707038, 1.83531, 0.0948635, 0.0382882, -0.8, -0.8
951, 3, 345, 0.913882, 1.79346, 0.0745757, 0.0540409, -1.648, -1.648
952, 4, 345, 0.72678, 6.56917, 0.133931, 0.0422171, -0.68, -0.68
953, 5, 345, 0.529187, 4.44581, 0.0261888, 0.0143442, -3.48, -2.48
954, 6, 345, 0.532363, 4.55425, 0.0243025, 0.0140477, -4.48, -2.48
955, 7, 345, 1.26334, 6.13202, 0.0775633, 0.0346188, -6.28, -8.28
960, 4, 346, 3.55188, 32.6962, 0.143775, 0.0197927, -32.84, -37.84
961, 5, 346, 3.52132, 31.519, 0.144819, 0.0207194, -34.48, -37.48
962, 0, 348, 0.529656, 20.4433, 0.117993, 0.0271316, -9, -21
963, 1, 348, 0.438597, 1.17253, 0.126458, 0.016531, 0.02, -1.98
964, 2, 348, 2.00014, 3.22836, 0.0897512, 0.0356566, -2.88, -2.88
965, 0, 349, 1.46205, 14.2251, 0.151439, 0.0162716, -10.24, -14.24
966, 1, 349, 0.560349, 6.00377, 0.0300327, 0.0140477, -7.8, -4.8
967, 2, 349, 1.46336, 14.185, 0.145129, 0.0162716, -10.24, -14.24
968, 3, 349, 1.56629, 3.67742, 0.119544, 0.0453676, -1.12, -3.12
969, 4, 349, 1.62976, 3.03346, 0.146316, 0.066643, -1.356, -2.356
970, 5, 349, 1.45383, 18.8046, 0.113534, 0.0133805, -10.88, -14.88
971, 1, 350, 1.48931, 6.34838, 0.156581, 0.0285401, -5.12, -6.12
972, 2, 350, 1.46502, 1.61586, 0.143538, 0.101744, -0.888, -0.888
973, 3, 350, 1.49701, 7.32431, 0.155438, 0.0261679, -5.12, -6.12
974, 1, 351, 1.02097, 1.58269, 0.0892285, 0.0485182, -0.716, -1.716
975, 0, 352, 0.59513, 13.7647, 0.111307, 0.0104523, -4, -6
976, 1, 352, 0.582158, 12.2371, 0.041476, 0.0105265, -12.64, -5.64
978, 3, 352, 1.584, 23.7322, 0.144036, 0.0294667, -12.56, -3.56
980, 1, 353, 3.65628, 12.3916, 0.316594, 0.0310235, -9.28, -11.28
981, 2, 353, 3.64058, 12.2665, 0.413278, 0.0312829, -7.28, -11.28
982, 3, 353, 3.7126, 13.4884, 0.142958, 0.0261679, -16.92, -11.92
983, 0, 354, 0.734109, 6.45642, 0.169164, 0.0318759, -0.8, -2.8
984, 1, 354, 0.574189, 30.7406, 0.157973, 0.0232027, -4.28, -153.28
985, 0, 355, 0.69936, 25.5751, 0.173169, 0.0170499, -3.08, -30.08
986, 1, 355, 0.566384, 3.45525, 0.0901264, 0.0372133, -0.56, -0.56
987, 2, 355, 0.665751, 22.3584, 0.176536, 0.0181989, -3.44, -30.44
988, 3, 355, 0.704086, 24.9869, 0.0764544, 0.0173835, -29.36, -29.36
989, 4, 355, 1.24896, 1.68926, 0.115659, 0.0439592, 0.08, -3.92
990, 5, 355, 1.66587, 12.565, 0.0892746, 0.0130098, -12.2, -12.2
991, 0, 356, 1.56605, 17.8472, 0.472267, 0.0257231, -4.6, -37.6
992, 1, 356, 1.52381, 17.0225, 0.459638, 0.0262791, -4.6, -37.6
993, 2, 356, 1.76975, 31.9688, 0.203064, 0.0145295, -15.68, -39.68
994, 1, 357, 0.754, 7.82577, 0.0708865, 0.0217201, -5.116, -6.116
995, 2, 357, 1.20232, 3.11412, 0.0593171, 0.0214977, -3.16, -4.16
996, 0, 358, 0.606902, 3.52955, 0.07679, 0.0434402, -1.24, -1.24
997, 1, 358, 0.845053, 6.18391, 0.0513747, 0.0236846, -3.64, -4.64
998, 2, 358, 0.690852, 2.13999, 0.0356253, 0.0265386, -2.28, -2.28
999, 3, 358, 0.833795, 7.84405, 0.0570293, 0.0253896, -3.64, -4.64
1000, 0, 359, 1.11281, 22.3969, 0.215792, 0.0161974, -13.28, -20.28
1001, 1, 359, 1.17622, 25.2095, 0.337386, 0.0155673, -2.2, -19.2
1002, 2, 359, 1.13046, 22.4515, 0.304049, 0.0161604, -6.92, -19.92
1003, 3, 359, 1.17338, 24.5068, 0.325546, 0.0154191, -2.2, -26.2
1004, 4, 359, 1.39171, 65.0591, 0.147746, 0.0076354, -26.28, -79.28
1005, 5, 359, 1.43206, 4.85769, 0.146496, 0.0318018, -1.84, -2.84
1006, 0, 360, 0.997335, 1.94631, 0.134134, 0.0443298, 0.28, -1.72
1007, 1, 360, 0.475952, 26.5304, 0.0900157, 0.00663465, -13.52, -18.52
1008, 2, 360, 0.452296, 26.8737, 0.085136, 0.00652345, -14.6, -19.6
1011, 5, 360, 0.520111, 33.7333, 0.0342457, 0.00652345, -18.6, -19.6
1012, 6, 360, 1.43557, 2.1276, 0.0604999, 0.0498154, -1.68, -2.68
1013, 7, 360, 0.849354, 15.3403, 0.158575, 0.0253525, -3.88, -0.88
1014, 8, 360, 1.78681, 2.4438, 0.104179, 0.0833593, -1.52, -2.52
1015, 0, 361, 0.894947, 10.6599, 0.106311, 0.0217943, -7.16, -53.16
1016, 1, 361, 0.900884, 13.9573, 0.110644, 0.0206082, -6.8, -3.8
1017, 2, 361, 0.762301, 36.0798, 0.0833764, 0.0240923, -31.8, -34.8
1018, 0, 362, 1.0376, 13.1775, 0.113965, 0.0227579, -10.08, -22.08
1019, 1, 362, 0.60639, 10.1354, 0.0915825, 0.025649, -2.28, -1.28
1020, 0, 363, 1.02066, 2.59795, 0.0692813, 0.0265015, -2.376, -2.376
1021, 1, 363, 1.04427, 1.5481, 0.0650028, 0.0497784, -1.532, -1.532
1022, 0, 364, 0.635418, 24.5524, 0.124335, 0.0270575, -122.44, -122.44
1023, 1, 364, 0.795589, 8.71784, 0.146309, 0.0240182, -2.68, -4.68
1024, 2, 364, 0.660548, 25.7462, 0.197195, 0.0269834, -127.8, -122.8
1025, 3, 364, 0.523075, 80.324, 0.0949756, 0.0236475, -47.68, -151.68
1026, 4, 364, 0.714102, 3.94409, 0.0817216, 0.0253525, -2.02, -3.02
1027, 5, 364, 3.40912, 26.8956, 0.657732, 0.0213495, -9.12, -40.12
1028, 6, 364, 3.08328, 22.5971, 0.461528, 0.0254637, -11.76, -21.76
1029, 7, 364, 2.89759, 20.8379, 0.22311, 0.0276505, -34.4, -14.4
1030, 8, 364, 3.5144, 31.2102, 0.191856, 0.0179395, -38.04, -40.04
1031, 9, 364, 1.95614, 6.32899, 0.168804, 0.0407716, -4.12, -2.12
1032, 0, 365, 0.782272, 19.3822, 0.263499, 0.01768, 0.8, -3.2
1033, 1, 365, 0.800144, 1.36957, 0.0411802, 0.0376581, -1.6, -1.6
1034, 2, 365, 0.778225, 5.06522, 0.0972485, 0.0277247, -2.028, -2.028
1035, 3, 365, 1.37168, 2.36286, 0.299452, 0.10482, -0.96, -0.96
1036, 4, 365, 1.42579, 3.82602, 0.0980829, 0.0432179, -2.96, -3.96
1037, 5, 365, 0.816227, 33.4854, 0.0974554, 0.0117867, -20.32, -29.32
1038, 1, 366, 0.945236, 4.7134, 0.241752, 0.0322466, -0.32, -5.32
1039, 2, 366, 0.623542, 5.6563, 0.0733649, 0.0170499, -4.64, -5.64
1040, 3, 366, 0.814443, 9.12648, 0.0572211, 0.0111195, -12.24, -16.24
1041, 4, 366, 0.766633, 19.7676, 0.0600961, 0.021646, -15.48, -98.48
1042, 5, 366, 0.735132, 14.8207, 0.0761567, 0.0219796, -16.2, -19.2
1043, 6, 366, 1.78848, 16.7484, 0.228296, 0.0332844, -13.04, -61.04
1044, 7, 366, 1.89727, 19.1666, 0.378283, 0.029615, -5.68, -64.68
1045, 8, 366, 1.93413, 23.9585, 0.129247, 0.0268722, -67.4, -119.4
1046, 0, 367, 2.00222, 1.47613, 0.10109, 0.137141, -1.72, -1.72
1047, 1, 367, 1.41716, 18.8455, 0.636791, 0.025649, -93.96, -33.96
1048, 2, 367, 0.863331, 5.24577, 0.131621, 0.0466278, -1.04, -2.04
1049, 3, 367, 1.5956, 25.6783, 0.387761, 0.0214236, -5.8, -32.8
1050, 4, 367, 2.42595, 1.75813, 0.222094, 0.114902, -0.56, -1.56
1051, 5, 367, 0.463872, 16.764, 0.0871599, 0.017643, -4.392, -4.392
1052, 6, 367, 1.8916, 38.4191, 0.132847, 0.0202005, -29.64, -30.64
1053, 0, 368, 0.449915, 1.93634, 0.108674, 0.0609349, 0.008, -0.992
1054, 1, 368, 0.877842, 5.14592, 0.0689665, 0.0204599, -4.6, -4.6
1055, 3, 368, 0.780717, 3.23485, 0.145361, 0.0293555, -0.96, -4.96
1056, 4, 368, 1.3332, 2.18297, 0.102006, 0.0717209, -1.24, -1.24
1057, 0, 372, 0.317045, 39.0967, 0.097355, 0.0167534, -3.88, -3.88
1058, 0, 373, 0.756209, 4.56473, 0.0546807, 0.01768, -3.724, -3.724
1059, 1, 373, 1.04571, 16.7111, 0.0630907, 0.0112678, -15, -13
1060, 2, 373, 1.01676, 15.3519, 0.0671696, 0.0111566, -13.36, -13.36
1061, 3, 373, 1.06921, 19.4715, 0.065176, 0.0100817, -15, -13
1062, 0, 374, 0.977049, 2.52747, 0.142915, 0.0550787, -0.76, -1.76
1063, 1, 374, 0.658883, 8.86768, 0.0777032, 0.0192738, -3.68, -18.68
1064, 2, 374, 1.22986, 3.77005, 0.081396, 0.0446263, -2.76, -3.76
1065, 3, 374, 1.68189, 3.90004, 0.143918, 0.043292, -4.08, -5.08
1066, 4, 374, 1.49992, 5.54241, 0.0739462, 0.0404009, -8.76, -3.76
1067, 0, 376, 4.36346, 0.976923, 0.41776, 0.350042, -0.44, 1.56
1068, 0, 377, 1.4937, 1.22346, 0.0981243, 0.0842118, -0.604, -1.604
1069, 1, 377, 0.45272, 0.922764, 0.0616185, 0.0280212, -0.12, -1.12
1070, 2, 377, 0.484794, 16.8487, 0.0863792, 0.0261679, -4.016, -1.016
1071, 3, 377, 1.47971, 1.24973, 0.109608, 0.0842118, -0.604, -1.604
1072, 4, 377, 2.00419, 10.6525, 0.184139, 0.030208, -10.68, -6.68
1073, 0, 378, 0.799724, 4.03947, 0.112169, 0.0406604, -2.36, -1.36
1074, 1, 378, 0.60256, 20.1122, 0.31248, 0.0288366, -99.64, -93.64
1075, 2, 378, 1.10276, 7.03583, 0.107493, 0.0356566, -5.68, -6.68
1076, 3, 378, 0.734782, 54.6331, 0.117805, 0.025056, -43.84, -272.84
1077, 4, 378, 0.774013, 1.56757, 0.123782, 0.0419576, -0.08, -2.08
1078, 5, 378, 0.753392, 9.72321, 0.12845, 0.0268351, -1.728, -14.728
1079, 0, 379, 0.60882, 9.82924, 0.101158, 0.0251301, -1.876, -2.876
1080, 1, 379, 0.883265, 2.43268, 0.140179, 0.0504455, -0.4, -1.4
1081, 0, 380, 3.91742, 6.28737, 0.276339, 0.0597859, -5.48, -4.48
1082, 1, 380, 3.93458, 6.66662, 0.222444, 0.048407, -8.12, -5.12
1083, 0, 381, 0.496148, 62.4832, 0.210311, 0.021053, -1.08, -312.08
1084, 1, 381, 0.401118, 75.8889, 0.158446, 0.0243888, -9.96, -234.96
1085, 2, 381, 1.07255, 3.56745, 0.1924, 0.0401785, -0.88, -7.88
1086, 3, 381, 2.3134, 0.703626, 0.255496, 0.208602, 0.4, 1.4
1087, 4, 381, 1.3119, 7.36021, 0.100156, 0.0290219, -6.52, -7.52
1088, 0, 382, 0.897338, 4.1041, 0.176389, 0.0260938, -0.76, -1.76
1089, 1, 382, 1.37356, 2.20576, 0.0532079, 0.0544856, -2.28, -2.28
1090, 3, 382, 1.17561, 10.28, 0.105709, 0.025649, -9.88, -10.88
1091, 4, 382, 1.54984, 9.22391, 0.149062, 0.0339145, -5.28, -5.28
1092, 5, 382, 1.55377, 12.9435, 0.0973099, 0.0241664, -8.92, -8.92
1093, 0, 383, 0.421209, 73.4207, 0.100347, 0.015938, -16.92, -104.92
1094, 1, 383, 0.59633, 53.9499, 0.112669, 0.0156415, -9.96, -250.96
1095, 2, 383, 0.851899, 3.6303, 0.0592896, 0.0293555, -1.976, -2.976
1096, 3, 383, 1.61701, 0.931069, 0.220929, 0.109194, 0.28, -0.72
1097, 4, 383, 1.75329, 4.37553, 0.160745, 0.03877, -2.84, -2.84
1098, 0, 385, 0.591831, 9.40538, 0.0661331, 0.0121573, -5.16, -6.16
1099, 1, 385, 0.902283, 11.1519, 0.124473, 0.0291331, -19, -21
1100, 2, 385, 0.56384, 7.08829, 0.110507, 0.0141589, -2.8, -5.8
1101, 3, 385, 0.894105, 13.3713, 0.0970276, 0.0261679, -19.64, -23.64
1102, 5, 385, 5.15373, 1.43416, 0.337468, 0.211567, -1.92, -1.92
1103, 1, 386, 1.21503, 0.914944, 0.150124, 0.0491483, 0.32, -0.68
1104, 0, 387, 0.778634, 1.74768, 0.0972998, 0.0543374, -0.736, -0.736
1107, 3, 387, 0.969855, 45.6171, 0.0941267, 0.0147148, -32.8, -212.8
1108, 4, 387, 0.58033, 5.85171, 0.0667663, 0.0279841, -3.716, -4.716
1109, 5, 387, 0.425154, 33.0394, 0.112124, 0.021646, -5.404, -87.404
1110, 6, 387, 1.15397, 6.41994, 0.0738228, 0.035323, -5.76, -2.76
1111, 7, 387, 1.6881, 3.32436, 0.161972, 0.0620469, -2.52, -1.52
1112, 0, 388, 1.70966, 6.00616, 0.161982, 0.0554123, -3.12, -4.12
1113, 1, 388, 2.16023, 9.86819, 0.113052, 0.0358048, -48.6, -6.6
1114, 2, 388, 2.16836, 9.73169, 0.221455, 0.0358048, -6.6, -6.6
1115, 0, 389, 0.503031, 36.45, 0.243818, 0.00833964, -181.6, -49.6
1117, 2, 389, 0.324523, 3.29139, 0.10064, 0.0198669, 0.4, -3.6
1118, 3, 389, 0.664827, 41.7253, 0.168677, 0.00793192, -43.88, -48.88
1119, 5, 389, 0.737231, 7.97135, 0.112528, 0.0251301, -3.48, -35.48
1121, 0, 391, 0.630906, 4.39791, 0.0815913, 0.0382882, -2.716, -3.716
1122, 1, 391, 1.05815, 20.8884, 0.0791287, 0.0147519, -16.76, -17.76
1123, 2, 391, 1.02163, 22.6515, 0.0694056, 0.0144183, -16.4, -17.4
1124, 3, 391, 0.919772, 3.66532, 0.100465, 0.0275023, -2.112, -1.112
1125, 0, 392, 0.673781, 19.7169, 0.174239, 0.0365461, -11.36, -12.36
1126, 1, 392, 1.01889, 2.37031, 0.0769764, 0.0403268, -4.84, -5.84
1127, 2, 392, 0.691255, 20.7239, 0.155132, 0.0378064, -11.36, -12.36
1128, 3, 392, 1.03768, 22.4899, 0.175174, 0.018236, -10.68, -18.68
1129, 4, 392, 0.741473, 23.4212, 0.179789, 0.0377322, -11.72, -12.72
1130, 5, 392, 0.775084, 56.8064, 0.122141, 0.0359902, -16.72, -221.72
1131, 6, 392, 1.19778, 2.47653, 0.106859, 0.0497413, -2.28, -1.28
1132, 7, 392, 1.05818, 40.4502, 0.122207, 0.0145295, -17.96, -23.96
1133, 0, 393, 1.48853, 1.39467, 0.170593, 0.0841747, -0.64, -1.64
1134, 1, 393, 0.646857, 49.1583, 0.121776, 0.015975, -8.76, -128.76
1135, 0, 394, 0.870094, 2.8219, 0.0951811, 0.0360643, -1.12, -2.12
1136, 1, 394, 0.961356, 10.8516, 0.204791, 0.0200151, -3.84, -6.84
1137, 2, 394, 1.66307, 1.31683, 0.0741589, 0.106377, -0.72, -1.72
1138, 3, 394, 1.50513, 3.46154, 0.0947359, 0.050705, -4.2, -1.2
1139, 4, 394, 2.65742, 3.75592, 0.212855, 0.0887337, -2.64, -3.64
1140, 0, 395, 1.55204, 22.8794, 0.396447, 0.0209047, -11.88, -42.88
1141, 1, 395, 1.53475, 21.8943, 0.201126, 0.021646, -32.88, -42.88
1142, 2, 395, 2.16264, 52.4483, 0.131701, 0.0160121, -41.24, -111.24
1143, 3, 395, 1.34284, 2.65586, 0.168266, 0.0484811, -0.72, -1.72
1144, 4, 395, 1.7009, 4.4952, 0.0796834, 0.0506309, -4.96, -4.96
1145, 0, 397, 1.06708, 4.58468, 0.0875607, 0.0234251, -4.16, -4.16
1146, 1, 397, 0.359042, 58.3292, 0.0933607, 0.0209047, -19.048, -110.048
1147, 2, 397, 1.95628, 1.63157, 0.231134, 0.134694, -0.68, -1.68
1148, 0, 398, 1.30695, 2.63119, 0.12178, 0.0286513, -1.716, -4.716
1149, 0, 399, 1.76353, 3.54957, 0.201764, 0.0439592, -2.28, -4.28
1150, 2, 399, 0.49963, 9.79229, 0.0949834, 0.0194962, -2.28, -8.28
1151, 3, 399, 1.60702, 2.08663, 0.0703762, 0.072944, -2.28, -2.28
1152, 4, 399, 1.78346, 3.80053, 0.129591, 0.0409198, -2.28, -4.28
1153, 0, 400, 1.07296, 19.6553, 0.116978, 0.0173835, -97.6, -33.6
1154, 1, 400, 0.952537, 67.0492, 0.163806, 0.0177171, -299, -309
1155, 2, 400, 1.12189, 3.31715, 0.101494, 0.0287625, -0.92, -2.92
1156, 3, 400, 2.43244, 0.961922, 0.298484, 0.162234, 0.3, -0.7
1157, 4, 400, 2.00149, 1.63677, 0.0755954, 0.0472209, -1.96, -1.96
1158, 5, 400, 4.29606, 3.7192, 0.386862, 0.0970363, -2.16, -4.16
1159, 1, 401, 2.08926, 2.30813, 0.0590533, 0.0306899, -3.64, -4.64
1160, 0, 402, 3.10348, 7.11535, 0.159384, 0.0456641, -5.88, -7.88
1161, 1, 402, 3.10554, 7.2677, 0.132263, 0.0431437, -6.88, -7.88
1162, 0, 403, 0.96089, 7.6215, 0.147416, 0.0375098, -1.92, -1.92
1163, 1, 403, 1.28941, 1.694, 0.128081, 0.039289, 0.2, -2.8
1164, 2, 403, 1.50252, 1.57869, 0.131398, 0.08373, -0.88, -0.88
1166, 1, 405, 0.716552, 36.8653, 0.0519218, 0.0100076, -23.88, -7.88
1167, 0, 406, 1.22987, 3.64978, 0.10143, 0.0436626, -1.92, -3.92
1168, 1, 406, 1.55348, 4.21042, 0.170042, 0.0570061, -2.72, -2.72
1169, 0, 407, 0.346338, 67.5837, 0.1044, 0.0232398, -19.4, -332.4
1170, 1, 407, 2.0335, 1.93338, 0.234724, 0.110231, -1.64, -0.64
1171, 2, 407, 0.486402, 49.3632, 0.0941366, 0.0164198, -8.52, -245.52
1172, 3, 407, 1.05224, 1.36282, 0.0862291, 0.050149, -0.68, -1.68
1173, 4, 407, 1.95799, 2.323, 0.230778, 0.0755386, -1.64, -2.64
1174, 5, 407, 2.33997, 3.51476, 0.131048, 0.0739819, -3.2, -3.2
1175, 0, 408, 1.40253, 3.07644, 0.111919, 0.041587, -1.708, -2.708
1177, 1, 409, 0.591456, 32.7548, 0.287278, 0.0127874, -4.28, 3.72
1180, 4, 409, 0.562835, 27.1843, 0.324499, 0.0136029, 3.28, 2.28
1181, 5, 409, 1.0836, 52.7079, 0.0935335, 0.0117126, -52.48, 5.52
1182, 6, 409, 1.96977, 5.60809, 0.205088, 0.0372504, -4.28, -6.28
1184, 1, 410, 2.61974, 1.42639, 0.135093, 0.184287, -0.64, -0.64
1192, 7, 411, 0.87075, 31.3864, 0.135792, 0.0107118, -27.8, -42.8
1193, 8, 411, 1.34601, 47.3969, 0.0863966, 0.00841377, -40.16, -52.16
1194, 9, 411, 1.40673, 2.56164, 0.112147, 0.0419206, -1.56, -3.56
1195, 10, 411, 3.13604, 3.83423, 0.102804, 0.0621581, -5.4, -4.4
1196, 11, 411, 4.68254, 7.56311, 0.290213, 0.0610091, -7.52, -7.52
1197, 0, 413, 1.27384, 10.9024, 0.0751255, 0.012528, -9.12, -11.12
1198, 1, 413, 1.26998, 10.7443, 0.0791605, 0.0129728, -9.12, -11.12
1199, 2, 413, 1.26839, 10.4206, 0.0654055, 0.0136399, -10.12, -11.12
1200, 3, 413, 2.156, 3.21641, 0.206132, 0.0699788, -2.24, -3.24
1201, 0, 414, 1.5568, 14.4956, 0.0917981, 0.0186067, -13.24, -18.24
1202, 1, 414, 1.55774, 14.458, 0.0419906, 0.0186067, -15.88, -17.88
1203, 2, 414, 1.49419, 12.5257, 0.0563855, 0.0209788, -16.24, -18.24
1204, 0, 415, 0.690572, 1.69722, 0.0562719, 0.0482587, -0.52, -1.52
1206, 1, 416, 0.632743, 35.936, 0.191579, 0.01023, -7.96, -26.96
1207, 0, 417, 0.455184, 16.9199, 0.0407406, 0.0126021, -13.04, -1.04
1208, 1, 417, 0.895653, 16.8939, 0.271916, 0.0209788, -0.32, 3.68
1209, 2, 417, 0.404563, 24.7895, 0.0619088, 0.0127874, -9.6, 0.4
1210, 0, 418, 0.375779, 55.1923, 0.137777, 0.0143071, -1.2, -148.2
1211, 1, 418, 0.561839, 9.51872, 0.130091, 0.0337292, -1.88, -27.88
1212, 2, 418, 0.445793, 88.4795, 0.161057, 0.0127504, -15.36, -442.36
1213, 0, 419, 0.935248, 13.6764, 0.11073, 0.0245371, -67.48, -67.48
1214, 1, 419, 0.932679, 13.5778, 0.110433, 0.0245371, -67.48, -67.48
1215, 2, 419, 0.908751, 14.5847, 0.0922725, 0.0255378, -70.84, -72.84
1216, 3, 419, 0.896575, 4.34587, 0.0781365, 0.0312088, -2.4, -3.4
1217, 4, 419, 1.30272, 3.61825, 0.184311, 0.0478881, -0.04, -5.04
1218, 0, 420, 1.3246, 3.26877, 0.102442, 0.0328767, -2.44, -3.44
1219, 0, 421, 1.94706, 18.2216, 0.308171, 0.0311346, -3.6, -34.6
1220, 1, 421, 1.87242, 16.6014, 0.299634, 0.0318389, -4.6, -34.6
1221, 2, 421, 1.82583, 16.2529, 0.0984751, 0.0321725, -17.24, -34.24
1222, 0, 422, 0.83674, 7.04162, 0.123229, 0.0294667, -2.48, -5.48
1223, 1, 422, 3.71733, 25.1801, 0.431014, 0.0229062, -21.88, -64.88
1224, 2, 422, 3.77536, 29.1432, 0.62648, 0.0217943, -14.88, -64.88
1225, 3, 422, 3.71331, 21.3881, 1.0041, 0.0283177, -0.96, -63.96
1228, 6, 422, 4.21533, 30.6206, 0.248361, 0.0206082, -27.8, -63.8
1229, 7, 422, 2.47312, 3.5818, 0.197968, 0.0616763, -1.28, -3.28
1230, 0, 423, 0.831023, 11.695, 0.0682469, 0.0202375, -12.56, -5.56
1231, 1, 423, 1.26174, 2.5596, 0.0576006, 0.0283918, -2.44, -2.44
1232, 2, 423, 1.29329, 3.82802, 0.0779455, 0.0285401, -3.08, -8.08
1233, 0, 427, 0.533961, 14.1232, 0.202237, 0.0292443, 3.48, 3.48
1234, 2, 427, 0.885446, 4.36846, 0.0953567, 0.0281694, -2.36, -2.36
1235, 3, 427, 2.3643, 28.6631, 0.421872, 0.0157156, -8.68, -14.68
1236, 0, 429, 0.498812, 70.9076, 0.055187, 0.0103782, -280.08, -281.08
1239, 3, 429, 0.725183, 28.1577, 0.102368, 0.021646, -16.28, -17.28
1240, 0, 430, 0.534603, 4.55263, 0.173495, 0.0403268, -1, -3
1241, 1, 430, 1.04052, 2.77724, 0.110852, 0.0702383, -1.24, -1.24
1242, 2, 430, 0.393806, 12.6049, 0.0740601, 0.0118979, -6.88, -6.88
1243, 3, 430, 4.19731, 5.32735, 0.128465, 0.0354342, -7.88, -7.88
1244, 0, 431, 1.48794, 6.62262, 0.142543, 0.0464054, -3.48, -3.48
1245, 1, 431, 1.99342, 8.50241, 0.096349, 0.0329138, -7.8, -6.8
1246, 2, 431, 2.002, 8.78213, 0.114703, 0.0339887, -6.8, -5.8
1247, 0, 432, 0.668163, 7.33953, 0.0334941, 0.0083767, -6.56, -6.56
1249, 1, 433, 1.14631, 49.9114, 0.174301, 0.0111936, -23.08, -76.08
1253, 5, 433, 1.21775, 10.7243, 0.0685744, 0.016531, -12.64, -7.64
1254, 6, 433, 1.19761, 8.98361, 0.0911309, 0.0215719, -10, -7
1255, 0, 434, 1.64113, 1.49696, 0.105815, 0.0499637, -1.08, -2.08
1256, 0, 435, 1.0937, 19.5038, 0.443618, 0.0127504, 1, -19
1257, 1, 435, 0.447548, 3.87762, 0.0749811, 0.0501861, -3.724, -4.724
1258, 2, 435, 1.24549, 23.116, 0.489491, 0.0117126, 0.28, -19.72
1259, 3, 435, 1.34883, 24.8178, 0.314879, 0.0117496, -6.8, -20.8
1260, 4, 435, 1.32982, 23.9803, 0.2947, 0.0118238, -7.8, -20.8
1261, 5, 435, 1.29335, 22.4191, 0.239893, 0.0118608, -11.44, -20.44
1262, 6, 435, 1.78159, 5.26858, 0.2496, 0.035879, -1.16, -3.16
1263, 7, 435, 1.50487, 30.2773, 0.0800804, 0.0111195, -32.08, -20.08
1264, 8, 435, 3.28736, 1.34341, 0.220632, 0.169313, -1, -1
1265, 0, 436, 1.70732, 2.292, 0.0549982, 0.0418835, -2.92, -3.92
1266, 0, 438, 1.18116, 2.91634, 0.106645, 0.0468502, -2.68, -2.68
1267, 1, 438, 1.71764, 7.43534, 0.0878714, 0.0228691, -5.72, -6.72
1268, 0, 440, 1.2882, 2.83698, 0.102096, 0.0486294, -1.16, -4.16
1269, 0, 441, 1.4833, 1.33337, 0.0847846, 0.0815802, -1.52, -1.52
1270, 1, 441, 1.52006, 6.29243, 0.174018, 0.0414387, -2.552, -3.552
1271, 0, 442, 0.874431, 12.2272, 0.17581, 0.0237587, -3.16, -45.16
1272, 1, 442, 5.22974, 4.2559, 0.51696, 0.107081, -2.48, -3.48
1273, 0, 443, 1.03969, 5.84537, 0.144348, 0.0477398, -5.08, -6.08
1274, 1, 443, 2.62074, 1.69711, 0.146641, 0.0930333, -1.608, -2.608
1275, 2, 443, 1.87078, 9.56675, 0.106672, 0.018792, -8.64, -10.64
1276, 3, 443, 1.8645, 9.39239, 0.0986477, 0.0197927, -9.64, -10.64
1277, 1, 444, 0.466595, 18.4703, 0.0570469, 0.0127504, -14.96, -17.96
1278, 2, 444, 0.629456, 8.8918, 0.173514, 0.0143812, 0.92, -2.08
1279, 0, 446, 1.48194, 4.88546, 0.200115, 0.0518169, -1.988, -0.988
1280, 1, 446, 2.25946, 0.858212, 0.123645, 0.123353, -0.28, -1.28
1281, 0, 447, 2.29632, 7.7026, 0.0885937, 0.0174206, -8.04, -8.04
1282, 1, 447, 2.27081, 7.2437, 0.0889757, 0.0180877, -8.04, -8.04
1283, 0, 448, 0.545263, 4.92373, 0.0449113, 0.0100817, -2.72, -3.72
1284, 1, 448, 1.84721, 3.67618, 0.0796864, 0.0266127, -4.32, -5.32
1285, 0, 450, 2.45409, 17.6893, 0.196283, 0.0198669, -12.08, -54.08
1286, 0, 451, 0.727796, 2.48152, 0.0497417, 0.0190514, -1, -3
1287, 1, 451, 0.718308, 8.26749, 0.0753995, 0.0257973, -37.84, -38.84
1288, 2, 451, 0.994898, 5.43477, 0.136814, 0.032469, -0.96, -3.96
1289, 0, 453, 1.44964, 3.92749, 0.145179, 0.0243147, -2.212, -3.212
1290, 1, 453, 1.43766, 3.78167, 0.138648, 0.025612, -2.212, -3.212
1291, 2, 453, 1.93489, 14.5225, 0.265588, 0.028466, -72.56, -17.56
1292, 3, 453, 1.96617, 15.8525, 0.192134, 0.0287625, -13.84, -16.84
1293, 4, 453, 3.34242, 2.13431, 0.0835774, 0.089994, -2.92, -2.92
1294, 5, 453, 6.0968, 5.96736, 0.28962, 0.051854, -5.68, -5.68
1295, 1, 454, 0.555821, 41.6861, 0.0339936, 0.00630106, -62.92, -31.92
1296, 2, 454, 0.785089, 11.5126, 0.108445, 0.0283918, -7.68, -8.68
1297, 4, 454, 1.29074, 3.84058, 0.0630895, 0.0365091, -2.52, -4.52
1298, 0, 455, 0.815209, 5.12559, 0.0883379, 0.039882, -2.868, -24.868
1299, 2, 455, 0.70426, 18.8895, 0.20524, 0.0186067, 0.88, -14.12
1300, 3, 455, 0.79855, 31.7982, 0.111163, 0.0157897, -13.68, -12.68
1301, 4, 455, 1.26231, 1.17162, 0.0965438, 0.0461089, 0.04, -1.96
1302, 0, 456, 0.411168, 7.99937, 0.0404792, 0.0164198, -3.4, -4.4
1303, 1, 456, 1.70117, 11.5269, 0.117209, 0.0265386, -6.96, -35.96
1304, 2, 456, 1.73784, 13.4567, 0.162267, 0.023944, -6.96, -38.96
1305, 3, 456, 5.93449, 1.44456, 0.272871, 0.407938, -1.52, -1.52
1306, 0, 457, 1.302, 2.4547, 0.168903, 0.049593, -1.52, -2.52
1307, 1, 457, 1.80589, 2.50629, 0.160999, 0.0355825, -1.68, -2.68
1308, 0, 458, 2.80149, 0.979393, 0.077079, 0.128986, -1, -1
1309, 0, 459, 0.894753, 8.46631, 0.0825712, 0.0214236, -4.04, -6.04
1310, 1, 459, 1.98095, 6.74751, 0.119561, 0.0184213, -9.28, -12.28
1311, 2, 459, 1.99399, 7.26075, 0.134273, 0.0173464, -6.28, -12.28
1312, 3, 459, 8.18645, 3.16881, 0.377188, 0.101002, -2.68, -3.68
1313, 0, 460, 1.23186, 30.9942, 0.15818, 0.0131581, -18.6, -20.6
1314, 1, 460, 0.651885, 8.918, 0.0402133, 0.0231286, -5.84, -5.84
1315, 2, 460, 1.33813, 36.8759, 0.133091, 0.012528, -20.24, -20.24
1316, 3, 460, 1.13903, 7.10404, 0.051971, 0.0151967, -9.8, -4.8
1317, 0, 463, 1.3543, 3.97056, 0.112021, 0.0498896, -2.36, -2.36
1318, 1, 463, 2.18351, 10.0531, 0.0708194, 0.0235734, -12.4, -15.4
1320, 0, 465, 0.95717, 19.9308, 0.110022, 0.0217572, -11.36, -2.36
1321, 1, 465, 1.53223, 1.78932, 0.101917, 0.0528548, -1.4, -2.4
1322, 2, 465, 1.52282, 10.3215, 0.121097, 0.0203117, -7.08, -8.08
1323, 3, 465, 1.52263, 10.3265, 0.132402, 0.0203117, -6.08, -8.08
1324, 4, 465, 1.54055, 10.7465, 0.168542, 0.0196815, -5.72, -18.72
1325, 5, 465, 1.93115, 5.69672, 0.134693, 0.0342481, -2.92, -3.92
1326, 0, 466, 0.67402, 4.7523, 0.119493, 0.0155673, -2.2, -4.2
1327, 1, 466, 1.08004, 3.29782, 0.257347, 0.0374357, -0.44, -2.44
1328, 2, 466, 2.95461, 8.98875, 0.302918, 0.0408457, -5.04, -16.04
1329, 0, 467, 0.146328, 1.02813, 0.0360808, 0.0251301, -1.83533e-09, -1
1330, 1, 467, 0.603306, 42.1859, 0.0967718, 0.0111936, -38.64, -210.64
1331, 3, 467, 0.436094, 32.5033, 0.0974073, 0.0109713, -34.12, -41.12
1332, 4, 467, 0.43456, 27.6504, 0.271699, 0.0127133, -7.4, -40.4
1337, 9, 467, 0.544594, 31.0062, 0.494856, 0.011416, 151.2, -36.8
1338, 10, 467, 0.522362, 2.28001, 0.0229839, 0.0194962, -2.8, -2.8
1340, 12, 467, 1.0571, 83.3541, 0.0489794, 0.00982224, -416.32, -300.32
1341, 13, 467, 1.10601, 1.82022, 0.147676, 0.0825439, -0.88, -0.88
1342, 14, 467, 2.60298, 4.4574, 0.363833, 0.0663464, -1.44, -3.44
1343, 1, 468, 0.597572, 12.9471, 0.128581, 0.0132322, -64.48, -40.48
1344, 2, 468, 0.675279, 30.6654, 0.0390089, 0.00667171, -41.16, -45.16
1345, 3, 468, 1.93333, 2.28188, 0.210794, 0.0708684, -0.88, -0.88
1346, 4, 468, 1.25377, 2.77616, 0.0971085, 0.0346188, -1.16, -2.16
1347, 5, 468, 2.45595, 15.2735, 0.212683, 0.0368797, -12.56, -7.56
1348, 6, 468, 2.528, 18.9752, 0.200092, 0.028466, -14.56, -18.56
1349, 0, 469, 2.21262, 12.8101, 0.0779825, 0.0191997, -15.88, -16.88
1350, 1, 469, 2.20791, 12.5992, 0.116662, 0.0196445, -15.24, -17.24
1351, 2, 469, 2.20732, 12.622, 0.175164, 0.0196445, -10.24, -17.24
1352, 3, 469, 2.26923, 15.6712, 0.0833176, 0.0171241, -15.88, -16.88
1353, 4, 469, 2.41366, 7.59494, 0.11887, 0.033618, -6.8, -7.8
1354, 0, 470, 0.749558, 19.8837, 0.0720679, 0.00822844, -17.88, -18.88
1355, 1, 470, 0.854931, 26.2312, 0.070731, 0.00770953, -17.88, -102.88
1356, 2, 470, 0.854596, 36.8652, 0.053715, 0.0060416, -24.6, -104.6
1357, 3, 470, 1.36953, 7.41891, 0.0765334, 0.0283918, -5.44, -5.44
1358, 4, 470, 1.37605, 7.74101, 0.0720432, 0.0245, -5.44, -5.44
1359, 0, 472, 2.61809, 6.5871, 0.169758, 0.0305416, -5.24, -6.24
1360, 1, 472, 2.60348, 6.30367, 0.215702, 0.0318759, -4.24, -6.24
1361, 2, 472, 1.37038, 12.9861, 0.0666218, 0.0167905, -20.48, -18.48
1362, 1, 473, 1.23689, 22.3178, 0.402168, 0.0137141, -3.92, -30.92
1363, 2, 473, 0.91205, 4.78684, 0.0534819, 0.0243517, -4.2, -7.2
1365, 4, 473, 1.42997, 26.7602, 0.0882053, 0.0117867, -22.84, -29.84
1366, 5, 473, 1.35301, 22.9602, 0.0951373, 0.0126762, -22.84, -29.84
1367, 6, 473, 1.2271, 6.21337, 0.0900132, 0.0124909, -5.8, -9.8
1368, 7, 473, 1.23412, 6.77292, 0.0888251, 0.0124909, -5.8, -9.8
1370, 1, 474, 1.54842, 35.3988, 0.127837, 0.0101188, -21.84, -31.84
1371, 0, 475, 1.8675, 3.61314, 0.181977, 0.0409569, -3.16, -5.16
1372, 0, 476, 0.788892, 5.03182, 0.0300938, 0.014826, -7.4, -3.4
1373, 0, 67, 1.41716, 6.4189, 0.0620062, 0.0193109, -6.44, -6.44
1374, 1, 67, 1.74537, 9.33541, 0.151215, 0.0181619, -7.16, -11.16
1375, 0, 84, 1.24571, 2.62377, 0.0555052, 0.0371021, -3.44, -4.44
1376, 0, 103, 0.911631, 6.55757, 0.13612, 0.0249818, -3.4, -5.4
1377, 1, 103, 1.1597, 3.64276, 0.098883, 0.0292814, -2.68, -2.68
1378, 2, 103, 1.06803, 1.50267, 0.109724, 0.039289, 0.132, -1.868
1379, 0, 105, 2.58419, 9.12913, 0.203384, 0.0289107, -6.88, -9.88
1380, 1, 105, 2.60896, 9.92135, 0.152864, 0.0224614, -8.88, -9.88
1381, 0, 108, 1.11196, 12.4942, 0.0948586, 0.012528, -6.76, -8.76
1382, 0, 113, 1.01827, 7.01557, 0.121596, 0.018792, -4.72, -16.72
1383, 1, 113, 1.48886, 1.06007, 0.0920423, 0.0914766, -0.84, -0.84
1384, 0, 114, 1.33207, 7.0948, 0.104175, 0.0204599, -4.92, -8.92
1385, 1, 114, 1.89782, 5.91317, 0.211966, 0.0168646, -3.44, -8.44
1386, 0, 115, 1.23884, 9.28354, 0.0878775, 0.0141589, -8.32, -18.32
1387, 1, 115, 2.29208, 3.85067, 0.101074, 0.0372504, -3.44, -4.44
1388, 0, 116, 1.25464, 2.85088, 0.125296, 0.0483328, -1.16, -2.16
1389, 1, 116, 0.853028, 10.112, 0.097596, 0.0143812, -10.96, -13.96
1390, 2, 116, 2.43624, 4.61467, 0.126484, 0.0332103, -4.72, -5.72
1391, 0, 117, 1.08808, 25.2511, 0.132901, 0.0105265, -21.92, -105.92
1392, 0, 118, 1.09596, 61.6433, 0.0721889, 0.00644932, -86.76, -139.76
1393, 0, 293, 0.352575, 83.175, 0.151696, 0.0178654, -1.56, -219.56
1394, 0, 317, 0.521039, 5.28486, 0.0857824, 0.0329138, -0.32, -1.32
1395, 1, 317, 0.420769, 20.5353, 0.133423, 0.0191256, -102.28, 5.72
1396, 2, 317, 0.457078, 24.4831, 0.128016, 0.0186067, -121.92, -121.92
1398, 5, 317, 0.940351, 9.35391, 0.113866, 0.0334697, -6.24, -4.24
1399, 6, 317, 0.590076, 19.4416, 0.0590986, 0.0128245, -10.24, -16.24
1400, 7, 317, 0.585877, 29.3392, 0.0674664, 0.0135658, -10.6, -146.6
1401, 8, 317, 0.414435, 21.2248, 0.092461, 0.0285772, -3.8, 1.2
1402, 9, 317, 0.51098, 26.96, 0.199781, 0.0166793, 43.92, 39.92
1403, 10, 317, 0.574612, 69.569, 0.144725, 0.0149743, -9.08, -304.08
1404, 12, 317, 0.695067, 3.66595, 0.104554, 0.0395113, -1.08, -5.08
1405, 13, 317, 1.14158, 2.46289, 0.169352, 0.0536702, -0.84, -1.84
1406, 14, 317, 1.17026, 2.87708, 0.111377, 0.0489259, -1.12, -3.12
1407, 16, 317, 1.37046, 7.97411, 0.0905877, 0.025649, -7.04, -7.04
1409, 1, 322, 0.534948, 9.10794, 0.146776, 0.0278729, 0.24, -6.76
1410, 0, 341, 0.288854, 66.125, 0.111497, 0.0299486, -8.44, -285.44
1411, 1, 341, 0.695486, 9.64893, 0.0827364, 0.0252042, -6.16, -7.16
1412, 2, 341, 0.67319, 7.54803, 0.0548588, 0.0260938, -8.16, -7.16
1413, 3, 341, 1.10619, 7.92877, 0.127382, 0.035879, -5.84, -2.84
1414, 4, 341, 0.642218, 7.96606, 0.0640246, 0.0194221, -5.52, -7.52
1415, 5, 341, 0.655242, 15.7406, 0.123342, 0.0168275, -4.68, -11.68
1416, 6, 341, 0.565747, 37.5661, 0.131223, 0.0227579, -8.2, -51.2
1417, 7, 341, 1.27009, 2.72714, 0.0594292, 0.0479622, -3.28, -3.28
1418, 8, 341, 1.05156, 10.5298, 0.135379, 0.0326172, -5.2, -2.2
1419, 9, 341, 1.10371, 11.7803, 0.121226, 0.0346188, -5.76, -5.76
1420, 0, 369, 0.685993, 5.61122, 0.07211, 0.0275023, -5.76, -6.76
1421, 1, 369, 0.770598, 9.78807, 0.0903245, 0.0218313, -7.6, -1.6
1422, 2, 369, 0.877709, 4.78946, 0.123917, 0.0363608, -3.08, -5.08
1423, 3, 369, 2.28599, 5.85875, 0.145635, 0.0326914, -4.28, -5.28
1424, 0, 370, 0.653163, 5.51358, 0.11053, 0.017643, -2.16, -16.16
1425, 1, 370, 0.804751, 9.33334, 0.0965316, 0.0395113, -6, -1
1426, 0, 375, 1.12586, 6.95093, 0.104093, 0.0303192, -4.56, -6.56
1427, 1, 375, 1.56024, 8.31181, 0.107438, 0.025056, -6.96, -7.96
1428, 0, 390, 0.87245, 10.549, 0.119187, 0.0358048, -6.2, -7.2
1429, 1, 390, 0.911851, 10.0565, 0.0687765, 0.0264644, -8.28, -2.28
1430, 2, 390, 2.54623, 1.13319, 0.198504, 0.336477, -0.72, -0.72
1431, 3, 390, 2.63569, 3.91639, 0.162169, 0.0681256, -3.2, -3.2
1432, 0, 396, 0.911512, 0.822083, 0.127806, 0.0492224, -2.09752e-09, -1
1433, 1, 396, 0.710961, 12.8464, 0.100931, 0.0245, -7.68, -11.68
1434, 0, 412, 1.94872, 4.02689, 0.11583, 0.0408828, -4.4, -5.4
1435, 1, 412, 2.14192, 1.94548, 0.13331, 0.0691634, -0.968, -1.968
1436, 2, 412, 2.33928, 9.4258, 0.160818, 0.0307269, -8.48, -9.48
1437, 0, 425, 0.42701, 52.8592, 0.0756748, 0.0215348, -29.44, -87.44
1438, 0, 103, 1.06743, 1.41531, 0.0985671, 0.0584516, -0.832, -0.832
1439, 1, 103, 0.916798, 6.76553, 0.126657, 0.0249818, -3.4, -5.4
1440, 2, 103, 0.713021, 11.3356, 0.055855, 0.0139365, -7.04, -8.04
1441, 3, 103, 1.1597, 3.64276, 0.098883, 0.0292814, -2.68, -2.68
1442, 0, 105, 2.60572, 10.2614, 0.146863, 0.0237216, -9.88, -9.88
1443, 0, 106, 1.10724, 1.07675, 0.064938, 0.0746861, -0.44, -1.44
1444, 1, 106, 0.766795, 18.2967, 0.0877903, 0.0115643, -14.88, -15.88
1445, 0, 108, 1.11196, 12.4942, 0.0948586, 0.012528, -6.76, -8.76
1446, 0, 112, 0.27951, 1.64666, 0.029625, 0.0134176, -0.2, -1.2
