Sol,ICCImage,ImageLocalTrueSolarTime,Hour,Min,Seconds
1,c000m0001_596620131radlf0000_0589m,12:58:09,12,58,9
4,c000m0004_596885510radlf0000_0462m,12:41:25,12,41,25
4,c000m0004_596886276radlf0000_0463m,12:53:51,12,53,51
4,c000m0004_596888328radlf0000_0461m,13:27:07,13,27,7
5,c000m0005_596975725radlf0000_0461m,13:04:20,13,4,20
8,c000m0008_597253419radlf0000_0461m,16:07:24,16,7,24
10,c000m0010_597420115radlf0000_0461m,13:10:35,13,10,35
12,c000m0012_597614421radlf0000_0461m,17:41:32,17,41,32
14,c000m0014_597774697radlf0000_0130m,13:00:40,13,0,40
14,c000m0014_597784061radlf0000_0500m,15:32:31,15,32,31
16,c000m0016_597952811radlf0000_0500m,13:09:06,13,9,6
16,c000m0016_597964044radlf0000_0461m,16:11:16,16,11,16
18,c000m0018_598132181radlf0000_0130m,13:37:57,13,37,57
18,c000m0018_598144559radlf0000_0461m,16:58:41,16,58,41
20,c000m0020_598307586radlf0000_0461m,13:02:32,13,2,32
20,c000m0020_598323338radlf0000_0902m,17:17:59,17,17,59
20,c000m0020_598325996radlf0000_0904m,18:01:05,18,1,5
22,c000m0022_598502660radlf0000_0564m,17:46:08,17,46,8
22,c000m0022_598503233radlf0000_0200m,17:55:25,17,55,25
22,c000m0022_598503291radlf0000_0201m,17:56:22,17,56,22
22,c000m0022_598503359radlf0000_0202m,17:57:28,17,57,28
22,c000m0022_598503429radlf0000_0203m,17:58:36,17,58,36
22,c000m0022_598503879radlf0000_0565m,18:05:54,18,5,54
22,c000m0022_598504116radlf0000_0568m,18:09:44,18,9,44
23,c000m0023_598565301radlf0000_0461m,10:42:01,10,42,1
23,c000m0023_598576773radlf0000_1200m,13:48:04,13,48,4
23,c000m0023_598576822radlf0000_1400m,13:48:51,13,48,51
23,c000m0023_598576870radlf0000_1300m,13:49:38,13,49,38
23,c000m0023_598578217radlf0000_0800m,14:11:29,14,11,29
24,c000m0024_598662821radlf0000_0558m,13:03:34,13,3,34
24,c000m0024_598663096radlf0000_0559m,13:08:01,13,8,1
24,c000m0024_598663736radlf0000_0461m,13:18:24,13,18,24
25,c000m0025_598745776radlf0000_0200m,11:28:54,11,28,54
25,c000m0025_598745826radlf0000_0201m,11:29:43,11,29,43
25,c000m0025_598745867radlf0000_0202m,11:30:23,11,30,23
25,c000m0025_598745917radlf0000_0203m,11:31:11,11,31,11
25,c000m0025_598746575radlf0000_0563m,11:41:52,11,41,52
25,c000m0025_598751283radlf0000_0461m,12:58:13,12,58,13
25,c000m0025_598755370radlf0000_1200m,14:04:30,14,4,30
25,c000m0025_598755419radlf0000_1400m,14:05:18,14,5,18
25,c000m0025_598755469radlf0000_1300m,14:06:06,14,6,6
25,c000m0025_598761240radlf0000_0461m,15:39:42,15,39,42
25,c000m0025_598767322radlf0000_0461m,17:18:20,17,18,20
26,c000m0026_598831671radlf0000_0588m,10:41:56,10,41,56
26,c000m0026_598832962radlf0000_0461m,11:02:53,11,2,53
26,c000m0026_598850849radlf0000_0500m,15:52:58,15,52,58
30,c000m0030_599199769radlf0000_1200m,14:11:48,14,11,48
30,c000m0030_599199818radlf0000_1400m,14:12:35,14,12,35
30,c000m0030_599199868radlf0000_1300m,14:13:24,14,13,24
30,c000m0030_599213027radlf0000_0461m,17:46:49,17,46,49
32,c000m0032_599384990radlf0000_0461m,16:15:47,16,15,47
35,c000m0035_599647371radlf0000_0461m,15:11:16,15,11,16
35,c000r0035_599646207rad_f0000_0121m,14:52:23,14,52,23
35,c001l0035_599646424rad_f0000_0121m,14:55:54,14,55,54
37,c000m0037_599812105radlf0000_0134m,11:43:04,11,43,4
37,c000m0037_599813015radlf0000_0134m,11:57:50,11,57,50
37,c000m0037_599814563radlf0000_0589m,12:22:56,12,22,56
37,c000m0037_599815263radlf0000_0461m,12:34:17,12,34,17
38,c000m0038_599896075radlf0000_0134m,10:24:59,10,24,59
38,c000m0038_599898475radlf0000_0461m,11:03:54,11,3,54
38,c000m0038_599906768radlf0000_1200m,13:18:25,13,18,25
38,c000m0038_599906810radlf0000_1400m,13:19:06,13,19,6
38,c000m0038_599906851radlf0000_1300m,13:19:45,13,19,45
38,c000m0038_599916489radlf0000_0500m,15:56:05,15,56,5
39,c000m0039_599996791radlf0000_1200m,13:38:30,13,38,30
39,c000m0039_599996841radlf0000_1400m,13:39:19,13,39,19
39,c000m0039_599996890radlf0000_1300m,13:40:07,13,40,7
39,c000m0039_599997820radlf0000_0461m,13:55:12,13,55,12
40,c000m0040_600079790radlf0000_0134m,12:04:41,12,4,41
40,c000m0040_600080513radlf0000_0134m,12:16:25,12,16,25
40,c000m0040_600088574radlf0000_0461m,14:27:10,14,27,10
41,c000m0041_600165002radlf0000_0461m,11:06:46,11,6,46
42,c000m0042_600274140radlf0000_0461m,16:36:56,16,36,56
44,c000m0044_600454047radlf0000_0461m,17:14:57,17,14,57
46,c000m0046_600631764radlf0000_0461m,17:17:29,17,17,29
48,c000m0048_600805559radlf0000_0500m,16:16:25,16,16,25
48,c000m0048_600806278radlf0000_0800m,16:28:05,16,28,5
48,c000m0048_600806508radlf0000_0801m,16:31:49,16,31,49
48,c000m0048_600806739radlf0000_0802m,16:35:34,16,35,34
48,c000m0048_600806951radlf0000_0803m,16:39:00,16,39,0
48,c000m0048_600807156radlf0000_0804m,16:42:20,16,42,20
48,c000m0048_600807367radlf0000_0805m,16:45:45,16,45,45
48,c000m0048_600807580radlf0000_0806m,16:49:12,16,49,12
48,c000m0048_600808920radlf0000_0461m,17:10:56,17,10,56
50,c000m0050_600984251radlf0000_0461m,16:34:50,16,34,50
52,c000m0052_601130311radlf0000_0500m,8:03:58,8,3,58
52,c000m0052_601138974radlf0000_0436m,10:24:29,10,24,29
52,c000m0052_601139196radlf0000_0437m,10:28:05,10,28,5
52,c000m0052_601139411radlf0000_0808m,10:31:34,10,31,34
52,c000m0052_601156557radlf0000_0200m,15:09:41,15,9,41
52,c000m0052_601159330radlf0000_0200m,15:54:40,15,54,40
52,c000m0052_601161153radlf0000_0445m,16:24:14,16,24,14
52,c000m0052_601161540radlf0000_0807m,16:30:31,16,30,31
52,c000m0052_601164983radlf0000_0461m,17:26:22,17,26,22
56,c000m0056_601510757radlf0000_0436m,14:55:01,14,55,1
56,c000m0056_601510972radlf0000_0437m,14:58:30,14,58,30
56,c000m0056_601511183radlf0000_0438m,15:01:55,15,1,55
56,c000m0056_601511398radlf0000_0439m,15:05:24,15,5,24
56,c000m0056_601511621radlf0000_0440m,15:09:01,15,9,1
56,c000m0056_601511836radlf0000_0441m,15:12:31,15,12,31
56,c000m0056_601512061radlf0000_0445m,15:16:10,15,16,10
56,c000m0056_601515173radlf0000_0464m,16:06:38,16,6,38
56,c000m0056_601516832radlf0000_0461m,16:33:33,16,33,33
58,c000m0058_601663926radlf0000_0500m,8:19:32,8,19,32
58,c000m0058_601693411radlf0000_0461m,16:17:48,16,17,48
59,c000m0059_601777097radlf0000_0436m,14:55:16,14,55,16
59,c000m0059_601777314radlf0000_0437m,14:58:47,14,58,47
59,c000m0059_601777527radlf0000_0438m,15:02:15,15,2,15
59,c000m0059_601777744radlf0000_0439m,15:05:46,15,5,46
59,c000m0059_601777967radlf0000_0440m,15:09:23,15,9,23
59,c000m0059_601778178radlf0000_0441m,15:12:48,15,12,48
59,c000m0059_601778389radlf0000_0100m,15:16:14,15,16,14
59,c000m0059_601778614radlf0000_0445m,15:19:53,15,19,53
59,c000m0059_601782698radlf0000_0464m,16:26:08,16,26,8
59,c000m0059_601784354radlf0000_0461m,16:52:59,16,52,59
61,c000m0061_601954326radlf0000_0436m,14:50:07,14,50,7
61,c000m0061_601954534radlf0000_0437m,14:53:29,14,53,29
61,c000m0061_601954745radlf0000_0438m,14:56:55,14,56,55
61,c000m0061_601954942radlf0000_0439m,15:00:06,15,0,6
61,c000m0061_601955158radlf0000_0440m,15:03:37,15,3,37
61,c000m0061_601955368radlf0000_0441m,15:07:01,15,7,1
61,c000m0061_601955578radlf0000_0100m,15:10:25,15,10,25
61,c000m0061_601955803radlf0000_0445m,15:14:04,15,14,4
61,c000m0061_601959282radlf0000_0464m,16:10:30,16,10,30
61,c000m0061_601961823radlf0000_0461m,16:51:43,16,51,43
62,c000m0062_602026512radlf0000_0461m,10:21:03,10,21,3
62,c000m0062_602029502radlf0000_0461m,11:09:33,11,9,33
62,c000m0062_602032732radlf0000_0461m,12:01:57,12,1,57
62,c000m0062_602036900radlf0000_0461m,13:09:34,13,9,34
62,c000m0062_602039545radlf0000_0461m,13:52:28,13,52,28
62,c000m0062_602043456radlf0000_0461m,14:55:54,14,55,54
62,c000m0062_602052537radlf0000_0461m,17:23:13,17,23,13
63,c000m0063_602107543radlf0000_0500m,8:15:29,8,15,29
63,c000m0063_602126963radlf0000_0461m,13:30:30,13,30,30
63,c000m0063_602137083radlf0000_0461m,16:14:39,16,14,39
63,c000r0063_602124400rad_f0000_0121m,12:48:55,12,48,55
63,c001l0063_602124602rad_f0000_0121m,12:52:12,12,52,12
65,c000m0065_602302474radlf0000_0461m,12:57:31,12,57,31
66,c000m0066_602378736radlf0000_2709m,9:34:36,9,34,36
66,c000m0066_602378782radlf0000_2710m,9:35:21,9,35,21
66,c000m0066_602378828radlf0000_2711m,9:36:06,9,36,6
66,c000m0066_602378875radlf0000_2712m,9:36:52,9,36,52
66,c000m0066_602378921radlf0000_2713m,9:37:36,9,37,36
66,c000m0066_602378954radlf0000_2714m,9:38:08,9,38,8
66,c000m0066_602379702radlf0000_0578m,9:50:16,9,50,16
66,c000m0066_602379922radlf0000_0579m,9:53:51,9,53,51
66,c000m0066_602381258radlf0000_0461m,10:15:31,10,15,31
67,c000m0067_602467942radlf0000_0200m,9:41:40,9,41,40
67,c000m0067_602473775radlf0000_0560m,11:16:17,11,16,17
67,c000m0067_602474078radlf0000_0810m,11:21:12,11,21,12
67,c000m0067_602474316radlf0000_0811m,11:25:04,11,25,4
67,c000m0067_602474543radlf0000_0561m,11:28:45,11,28,45
67,c000m0067_602475102radlf0000_0461m,11:37:49,11,37,49
67,c000m0067_602490433radlf0000_0200m,15:46:30,15,46,30
68,c000m0068_602556717radlf0000_0200m,9:41:44,9,41,44
68,c000m0068_602561965radlf0000_0200m,11:06:52,11,6,52
68,c000m0068_602566280radlf0000_0200m,12:16:52,12,16,52
68,c000m0068_602569980radlf0000_0200m,13:16:53,13,16,53
68,c000m0068_602573860radlf0000_0200m,14:19:50,14,19,50
68,c000m0068_602577393radlf0000_0200m,15:17:08,15,17,8
69,c000m0069_602659547radlf0000_0200m,13:29:49,13,29,49
69,c000m0069_602665732radlf0000_0200m,15:10:09,15,10,9
70,c000m0070_602739903radlf0000_2695m,11:13:20,11,13,20
70,c000m0070_602740016radlf0000_2696m,11:15:10,11,15,10
70,c000m0070_602740065radlf0000_2697m,11:15:58,11,15,58
70,c000m0070_602740113radlf0000_2698m,11:16:44,11,16,44
70,c000m0070_602740162radlf0000_2699m,11:17:32,11,17,32
70,c000m0070_602740210radlf0000_2700m,11:18:19,11,18,19
70,c000m0070_602740259radlf0000_2701m,11:19:06,11,19,6
70,c000m0070_602740306radlf0000_2702m,11:19:52,11,19,52
70,c000m0070_602740353radlf0000_2703m,11:20:38,11,20,38
70,c000m0070_602740401radlf0000_2704m,11:21:25,11,21,25
70,c000m0070_602740448radlf0000_2705m,11:22:10,11,22,10
70,c000m0070_602740496radlf0000_2706m,11:22:57,11,22,57
70,c000m0070_602740543radlf0000_2707m,11:23:43,11,23,43
70,c000m0070_602740591radlf0000_2708m,11:24:30,11,24,30
70,c000m0070_602740638radlf0000_2709m,11:25:15,11,25,15
70,c000m0070_602740686radlf0000_2710m,11:26:02,11,26,2
70,c000m0070_602740733radlf0000_2711m,11:26:48,11,26,48
70,c000m0070_602740781radlf0000_2712m,11:27:34,11,27,34
70,c000m0070_602740828radlf0000_2713m,11:28:20,11,28,20
70,c000m0070_602740860radlf0000_2714m,11:28:51,11,28,51
70,c000m0070_602741264radlf0000_0577m,11:35:25,11,35,25
70,c000m0070_602751822radlf0000_0461m,14:26:41,14,26,41
70,c000m0070_602758914radlf0000_0200m,16:21:43,16,21,43
71,c000m0071_602817744radlf0000_0500m,8:16:03,8,16,3
71,c000m0071_602848383radlf0000_0461m,16:33:05,16,33,5
72,c000m0072_602906519radlf0000_0500m,8:16:09,8,16,9
73,c000m0073_602995294radlf0000_0500m,8:16:16,8,16,16
73,c000m0073_603012353radlf0000_1200m,12:53:00,12,53,0
73,c000m0073_603012403radlf0000_1400m,12:53:48,12,53,48
73,c000m0073_603012452radlf0000_1300m,12:54:36,12,54,36
73,c000m0073_603017587radlf0000_0461m,14:17:54,14,17,54
73,c000r0073_603013995rad_f0000_0121m,13:19:38,13,19,38
73,c001l0073_603014221rad_f0000_0121m,13:23:18,13,23,18
74,c000m0074_603083158radlf0000_0500m,8:01:36,8,1,36
74,c000m0074_603105230radlf0000_0461m,13:59:39,13,59,39
76,c000m0076_603266667radlf0000_0117m,9:38:30,9,38,30
76,c000m0076_603267300radlf0000_2695m,9:48:46,9,48,46
76,c000m0076_603267414radlf0000_2696m,9:50:37,9,50,37
76,c000m0076_603267454radlf0000_2697m,9:51:16,9,51,16
76,c000m0076_603267497radlf0000_2698m,9:51:58,9,51,58
76,c000m0076_603267539radlf0000_2699m,9:52:39,9,52,39
76,c000m0076_603267581radlf0000_2700m,9:53:20,9,53,20
76,c000m0076_603267624radlf0000_2701m,9:54:02,9,54,2
76,c000m0076_603267666radlf0000_2702m,9:54:43,9,54,43
76,c000m0076_603267709radlf0000_2703m,9:55:24,9,55,24
76,c000m0076_603267751radlf0000_2704m,9:56:05,9,56,5
76,c000m0076_603267794radlf0000_2705m,9:56:47,9,56,47
76,c000m0076_603267836radlf0000_2706m,9:57:28,9,57,28
76,c000m0076_603267878radlf0000_2707m,9:58:09,9,58,9
76,c000m0076_603267921radlf0000_2708m,9:58:51,9,58,51
76,c000m0076_603267963radlf0000_2709m,9:59:32,9,59,32
76,c000m0076_603268007radlf0000_2710m,10:00:15,10,0,15
76,c000m0076_603268039radlf0000_2711m,10:00:46,10,0,46
76,c000m0076_603268071radlf0000_2712m,10:01:17,10,1,17
76,c000m0076_603268104radlf0000_2713m,10:01:49,10,1,49
76,c000m0076_603268136radlf0000_2714m,10:02:20,10,2,20
76,c000m0076_603268638radlf0000_0587m,10:10:29,10,10,29
76,c000m0076_603268842radlf0000_0586m,10:13:04,10,13,4
76,c000m0076_603270469radlf0000_0461m,10:40:11,10,40,11
76,c000m0076_603287158radlf0000_0200m,15:10:55,15,10,55
77,c000m0077_603357438radlf0000_0200m,10:11:01,10,11,1
77,c000m0077_603366867radlf0000_1200m,12:43:58,12,43,58
77,c000m0077_603366917radlf0000_1400m,12:44:47,12,44,47
77,c000m0077_603366966radlf0000_1300m,12:45:35,12,45,35
77,c000m0077_603374386radlf0000_0200m,14:45:57,14,45,57
77,c000m0077_603381482radlf0000_0200m,16:41:04,16,41,4
79,c000m0079_603553570radlf0000_0560m,15:12:44,15,12,44
79,c000m0079_603553843radlf0000_0810m,15:17:10,15,17,10
79,c000m0079_603554052radlf0000_0811m,15:20:33,15,20,33
79,c000m0079_603554265radlf0000_0561m,15:24:01,15,24,1
79,c000m0079_603554788radlf0000_0461m,15:32:30,15,32,30
81,c000m0081_603731127radlf0000_0815m,15:13:09,15,13,9
81,c000m0081_603731391radlf0000_0560m,15:17:26,15,17,26
81,c000m0081_603731602radlf0000_0810m,15:20:52,15,20,52
81,c000m0081_603731811radlf0000_0811m,15:24:15,15,24,15
81,c000m0081_603732022radlf0000_0561m,15:27:40,15,27,40
81,c000m0081_603732233radlf0000_0814m,15:31:06,15,31,6
81,c000m0081_603733014radlf0000_0461m,15:43:46,15,43,46
83,C000M0083_603882136EJP_F0000_0500M2.JPG,8:51:39,8,51,39
83,C000M0083_603908814EJP_F0000_2695M2.JPG,15:15:42,15,15,42
83,C000M0083_603908906EJP_F0000_2696M2.JPG,15:17:12,15,17,12
83,C000M0083_603908955EJP_F0000_2697M2.JPG,15:17:59,15,17,59
83,C000M0083_603908998EJP_F0000_2698M2.JPG,15:18:41,15,18,41
83,C000M0083_603909042EJP_F0000_2699M2.JPG,15:19:24,15,19,24
83,C000M0083_603909085EJP_F0000_2700M2.JPG,15:20:06,15,20,6
83,C000M0083_603909129EJP_F0000_2701M2.JPG,15:20:49,15,20,49
83,C000M0083_603909172EJP_F0000_2702M2.JPG,15:22:11,15,22,11
83,C000M0083_603909172EJP_F0000_2702M2.JPG,15:21:31,15,21,31
83,C000M0083_603909214EJP_F0000_2703M2.JPG,15:22:11,15,22,11
83,C000M0083_603909257EJP_F0000_2704M2.JPG,15:22:53,15,22,53
83,C000M0083_603909299EJP_F0000_2705M2.JPG,15:23:34,15,23,34
83,C000M0083_603909343EJP_F0000_2706M2.JPG,15:24:17,15,24,17
83,C000M0083_603909385EJP_F0000_2707M2.JPG,15:24:58,15,24,58
83,C000M0083_603909428EJP_F0000_2708M2.JPG,15:25:40,15,25,40
83,C000M0083_603909471EJP_F0000_2709M2.JPG,15:26:22,15,26,22
83,C000M0083_603909514EJP_F0000_2710M2.JPG,15:27:03,15,27,3
83,C000M0083_603909557EJP_F0000_2711M2.JPG,15:27:45,15,27,45
83,C000M0083_603909599EJP_F0000_2712M2.JPG,15:28:26,15,28,26
83,C000M0083_603909642EJP_F0000_2713M2.JPG,15:29:08,15,29,8
83,C000M0083_603909674EJP_F0000_2714M2.JPG,15:29:39,15,29,39
83,C000M0083_603910479EJP_F0000_0577M2.JPG,15:42:43,15,42,43
83,C000M0083_603911824EJP_F0000_0461M2.JPG,16:04:32,16,4,32
85,C000M0085_604059686EJP_F0000_0500M2.JPG,8:03:15,8,3,15
85,C000M0085_604078736EJP_F0000_1200M2.JPG,13:12:18,13,12,18
85,C000M0085_604078786EJP_F0000_1400M2.JPG,13:13:07,13,13,7
85,C000M0085_604078835EJP_F0000_1300M2.JPG,13:13:54,13,13,54
85,C000M0085_604089851EJP_F0000_0461M2.JPG,16:12:37,16,12,37
87,C000M0087_604248485EJP_F0000_0915M2.JPG,11:06:07,11,6,7
87,C000M0087_604248704EJP_F0000_0917M2.JPG,11:09:40,11,9,40
87,C000M0087_604261238EJP_F0000_0200M2.JPG,14:33:00,14,33,0
87,C000M0087_604268639EJP_F0000_0461M2.JPG,16:33:04,16,33,4
89,C000M0089_604433837EJP_F0000_1400M2.JPG,13:13:04,13,13,4
89,C000M0089_604433886EJP_F0000_1500M2.JPG,13:13:52,13,13,52
89,C000M0089_604433936EJP_F0000_1600M2.JPG,13:14:41,13,14,41
89,C000M0089_604433975EJP_F0000_1700M2.JPG,13:15:19,13,15,19
89,C000M0089_604434024EJP_F0000_1800M2.JPG,13:16:06,13,16,6
89,C000M0089_604434074EJP_F0000_1900M2.JPG,16:00:29,16,0,29
89,C000M0089_604444157EJP_F0000_0461M2.JPG,16:00:29,16,0,29
92,C000M0092_604710719EJP_F0000_0915M2.JPG,16:04:57,16,4,57
92,C000M0092_604710914EJP_F0000_0917M2.JPG,16:08:07,16,8,7
92,C000M0092_604712915EJP_F0000_0461M2.JPG,16:40:35,16,40,35
94,C000M0094_604858623EJP_F0000_0500M3.JPG,8:04:26,8,4,26
94,C000M0094_604890033EJP_F0000_0461M3.JPG,16:34:00,16,34,0
95,C000M0095_604960156EJP_F0000_1400M2.JPG,11:31:38,11,31,38
95,C000M0095_604960206EJP_F0000_1500M2.JPG,11:32:27,11,32,27
95,C000M0095_604960255EJP_F0000_1600M2.JPG,11:33:14,11,33,14
95,C000M0095_604960295EJP_F0000_1700M2.JPG,11:33:53,11,33,53
95,C000M0095_604960344EJP_F0000_1800M2.JPG,11:34:41,11,34,41
95,C000M0095_604960394EJP_F0000_1900M2.JPG,11:35:30,11,35,30
95,C000M0095_604970119EJP_F0000_0461M2.JPG,14:13:16,14,13,16
96,C000M0096_605054367EJP_F0000_2695M2.JPG,13:00:03,13,0,3
96,C000M0096_605054414EJP_F0000_2696M2.JPG,13:00:49,13,0,49
96,C000M0096_605054460EJP_F0000_2697M2.JPG,13:01:34,13,1,34
96,C000M0096_605054507EJP_F0000_2698M2.JPG,13:02:19,13,2,19
96,C000M0096_605054553EJP_F0000_2699M2.JPG,13:03:04,13,3,4
96,C000M0096_605054600EJP_F0000_2700M2.JPG,13:03:50,13,3,50
96,C000M0096_605054646EJP_F0000_2701M2.JPG,13:04:35,13,4,35
96,C000M0096_605054693EJP_F0000_2702M2.JPG,13:05:20,13,5,20
96,C000M0096_605054739EJP_F0000_2703M2.JPG,13:06:05,13,6,5
96,C000M0096_605054786EJP_F0000_2704M2.JPG,13:06:51,13,6,51
96,C000M0096_605054832EJP_F0000_2705M2.JPG,13:07:36,13,7,36
96,C000M0096_605054878EJP_F0000_2706M2.JPG,13:08:20,13,8,20
96,C000M0096_605054925EJP_F0000_2707M2.JPG,13:09:06,13,9,6
96,C000M0096_605054971EJP_F0000_2708M2.JPG,13:09:51,13,9,51
96,C000M0096_605055018EJP_F0000_2709M2.JPG,13:10:37,13,10,37
96,C000M0096_605055064EJP_F0000_2710M2.JPG,13:11:22,13,11,22
96,C000M0096_605055111EJP_F0000_2711M2.JPG,13:12:07,13,12,7
96,C000M0096_605055157EJP_F0000_2712M2.JPG,13:12:52,13,12,52
96,C000M0096_605055204EJP_F0000_2713M2.JPG,13:13:38,13,13,38
96,C000M0096_605055250EJP_F0000_2714M2.JPG,13:14:23,13,14,23
96,C000M0096_605055681EJP_F0000_0461M2.JPG,13:21:22,13,21,22
97,C000M0097_605136300EJP_F0000_2695M3.JPG,11:09:17,11,9,17
97,C000M0097_605136346EJP_F0000_2696M3.JPG,11:10:02,11,10,2
97,C000M0097_605136393EJP_F0000_2697M3.JPG,11:10:48,11,10,48
97,C000M0097_605136439EJP_F0000_2698M3.JPG,11:11:32,11,11,32
97,C000M0097_605136486EJP_F0000_2699M3.JPG,11:12:18,11,12,18
97,C000M0097_605136532EJP_F0000_2700M3.JPG,11:13:03,11,13,3
97,C000M0097_605136578EJP_F0000_2701M3.JPG,11:13:48,11,13,48
97,C000M0097_605136625EJP_F0000_2702M3.JPG,11:14:33,11,14,33
97,C000M0097_605136671EJP_F0000_2703M3.JPG,11:15:18,11,15,18
97,C000M0097_605136718EJP_F0000_2704M3.JPG,11:16:04,11,16,4
97,C000M0097_605136764EJP_F0000_2705M3.JPG,11:16:49,11,16,49
97,C000M0097_605136811EJP_F0000_2706M3.JPG,11:17:34,11,17,34
97,C000M0097_605136857EJP_F0000_2707M3.JPG,11:18:19,11,18,19
97,C000M0097_605136904EJP_F0000_2708M3.JPG,11:19:05,11,19,5
97,C000M0097_605136950EJP_F0000_2709M3.JPG,11:19:50,11,19,50
97,C000M0097_605136997EJP_F0000_2710M3.JPG,11:20:35,11,20,35
97,C000M0097_605137043EJP_F0000_2711M3.JPG,11:21:20,11,21,20
97,C000M0097_605137089EJP_F0000_2712M3.JPG,11:22:05,11,22,5
97,C000M0097_605137136EJP_F0000_2713M3.JPG,11:22:51,11,22,51
97,C000M0097_605137182EJP_F0000_2714M3.JPG,11:23:36,11,23,36
97,C000M0097_605155537EJP_F0000_0461M4.JPG,16:21:22,16,21,22
98,C000M0098_605246235EJP_F0000_0200M2.JPG,16:52:48,16,52,48
98,C000M0098_605248319EJP_F0000_0200M2.JPG,17:26:37,17,26,37
98,C000M0098_605248738EJP_F0000_0200M2.JPG,17:40:35,17,40,35
98,C000M0098_605249180EJP_F0000_0200M2.JPG,17:40:35,17,40,35
98,C000M0098_605249595EJP_F0000_0200M2.JPG,17:47:19,17,47,19
98,C000M0098_605250058EJP_F0000_0200M2.JPG,17:54:50,17,54,50
98,C000M0098_605250518EJP_F0000_0200M2.JPG,18:02:18,18,2,18
98,C000M0098_605250981EJP_F0000_0200M3.JPG,18:09:48,18,9,48
99,C000M0099_605296173EJP_F0000_2695M2.JPG,6:22:59,6,22,59
99,C000M0099_605296287EJP_F0000_2696M2.JPG,6:24:50,6,24,50
99,C000M0099_605296391EJP_F0000_2697M2.JPG,6:26:31,6,26,31
99,C000M0099_605296495EJP_F0000_2698M2.JPG,6:28:12,6,28,12
99,C000M0099_605296591EJP_F0000_2699M2.JPG,15:49:42,15,49,42
99,C000M0099_605330919EJP_F0000_2695M2.JPG,15:46:41,15,46,41
99,C000M0099_605330965EJP_F0000_2696M2.JPG,15:47:26,15,47,26
99,C000M0099_605331012EJP_F0000_2697M2.JPG,15:48:11,15,48,11
99,C000M0099_605331058EJP_F0000_2698M2.JPG,15:48:56,15,48,56
99,C000M0099_605331105EJP_F0000_2699M2.JPG,15:49:42,15,49,42
99,C000M0099_605331151EJP_F0000_2700M2.JPG,15:50:27,15,50,27
99,C000M0099_605331151EJP_F0000_2700M2.JPG,15:50:27,15,50,27
99,C000M0099_605331198EJP_F0000_2701M2.JPG,15:51:12,15,51,12
99,C000M0099_605331198EJP_F0000_2701M2.JPG,15:51:12,15,51,12
99,C000M0099_605331244EJP_F0000_2702M2.JPG,15:51:57,15,51,57
99,C000M0099_605331244EJP_F0000_2702M2.JPG,15:51:57,15,51,57
99,C000M0099_605331290EJP_F0000_2703M2.JPG,15:52:42,15,52,42
99,C000M0099_605331290EJP_F0000_2703M2.JPG,15:52:42,15,52,42
99,C000M0099_605331337EJP_F0000_2704M2.JPG,15:53:28,15,53,28
99,C000M0099_605331337EJP_F0000_2704M2.JPG,15:53:28,15,53,28
99,C000M0099_605331383EJP_F0000_2705M2.JPG,15:54:12,15,54,12
99,C000M0099_605331430EJP_F0000_2706M2.JPG,15:54:58,15,54,58
99,C000M0099_605331476EJP_F0000_2707M2.JPG,15:55:43,15,55,43
99,C000M0099_605331523EJP_F0000_2708M2.JPG,15:56:29,15,56,29
99,C000M0099_605331569EJP_F0000_2709M2.JPG,15:57:13,15,57,13
99,C000M0099_605331616EJP_F0000_2710M2.JPG,15:57:59,15,57,59
99,C000M0099_605331662EJP_F0000_2711M2.JPG,15:58:44,15,58,44
99,C000M0099_605331709EJP_F0000_2712M2.JPG,15:59:30,15,59,30
99,C000M0099_605331755EJP_F0000_2713M2.JPG,16:00:15,16,0,15
99,C000M0099_605331801EJP_F0000_2714M2.JPG,16:00:59,16,0,59
99,C000M0099_605332224EJP_F0000_0461M2.JPG,16:07:51,16,7,51
100,c000m0100_605416152radlf0000_0460m,14:49:28,14,49,28
100,c000m0100_605416792radlf0000_0461m,14:59:51,14,59,51
100,c000m0100_605417432radlf0000_0462m,15:10:14,15,10,14
100,c000m0100_605418072radlf0000_0463m,15:20:37,15,20,37
100,c000m0100_605423171radlf0000_0461m,16:43:20,16,43,20
103,c000m0103_605658434radlf0000_0500m,8:20:09,8,20,9
103,c000m0103_605690562radlf0000_0461m,17:01:23,17,1,23
103,c000m0103_605691488radlf0000_0200m,17:16:25,17,16,25
103,c000m0103_605691919radlf0000_0200m,17:23:24,17,23,24
103,c000m0103_605692351radlf0000_0200m,17:30:25,17,30,25
103,c000m0103_605692778radlf0000_0200m,17:37:20,17,37,20
103,c000m0103_605693197radlf0000_0200m,17:44:08,17,44,8
103,c000m0103_605693658radlf0000_0200m,17:51:37,17,51,37
103,c000m0103_605694121radlf0000_0200m,17:59:08,17,59,8
103,c000m0103_605694583radlf0000_0200m,18:06:37,18,6,37
106,c000m0106_605951994radlf0000_0461m,15:42:48,15,42,48
107,c000m0107_606037084radlf0000_0460m,14:43:17,14,43,17
107,c000m0107_606037724radlf0000_0461m,14:53:40,14,53,40
107,c000m0107_606038364radlf0000_0462m,15:04:03,15,4,3
107,c000m0107_606039004radlf0000_0463m,15:14:26,15,14,26
107,c000m0107_606044128radlf0000_0461m,16:37:34,16,37,34
110,c000m0110_606311654radlf0000_0461m,16:57:53,16,57,53
111,c000m0111_606400011radlf0000_0461m,16:51:24,16,51,24
112,c000m0112_606458507radlf0000_0500m,8:40:26,8,40,26
112,c000m0112_606461961radlf0000_0461m,9:36:28,9,36,28
112,c000m0112_606488257radlf0000_0500m,16:43:06,16,43,6
113,c000m0113_606543106radlf0000_0500m,7:32:58,7,32,58
113,c000m0113_606548249radlf0000_0461m,8:56:25,8,56,25
113,c000m0113_606577032radlf0000_0500m,16:43:24,16,43,24
117,c000m0117_606901335radlf0000_0500m,8:24:56,8,24,56
117,c000m0117_606911823radlf0000_0461m,11:15:06,11,15,6
118,c000m0118_607017270radlf0000_0675m,15:45:53,15,45,53
118,c000m0118_607017316radlf0000_0676m,15:46:38,15,46,38
118,c000m0118_607017363radlf0000_0677m,15:47:24,15,47,24
118,c000m0118_607017409radlf0000_0678m,15:48:09,15,48,9
118,c000m0118_607017456radlf0000_0679m,15:48:54,15,48,54
118,c000m0118_607017549radlf0000_0681m,15:50:25,15,50,25
118,c000m0118_607017595radlf0000_0682m,15:51:10,15,51,10
118,c000m0118_607017642radlf0000_0683m,15:51:55,15,51,55
118,c000m0118_607017688radlf0000_0684m,15:52:40,15,52,40
118,c000m0118_607017735radlf0000_0685m,15:53:26,15,53,26
118,c000m0118_607017781radlf0000_0686m,15:54:11,15,54,11
118,c000m0118_607017827radlf0000_0687m,15:54:56,15,54,56
118,c000m0118_607017874radlf0000_0688m,15:55:41,15,55,41
118,c000m0118_607017920radlf0000_0689m,15:56:26,15,56,26
118,c000m0118_607017967radlf0000_0690m,15:57:12,15,57,12
118,c000m0118_607018013radlf0000_0691m,15:57:57,15,57,57
118,c000m0118_607018060radlf0000_0692m,15:58:42,15,58,42
118,c000m0118_607018153radlf0000_0694m,16:00:13,16,0,13
118,c000m0118_607018199radlf0000_0695m,16:00:58,16,0,58
118,c000m0118_607018246radlf0000_0696m,16:01:43,16,1,43
118,c000m0118_607018292radlf0000_0697m,16:02:28,16,2,28
118,c000m0118_607018338radlf0000_0698m,16:03:13,16,3,13
118,c000m0118_607018385radlf0000_0699m,16:03:59,16,3,59
118,c000m0118_607018431radlf0000_0700m,16:04:43,16,4,43
118,c000m0118_607018478radlf0000_0701m,16:05:29,16,5,29
118,c000m0118_607018524radlf0000_0702m,16:06:14,16,6,14
118,c000m0118_607018571radlf0000_0703m,16:07:00,16,7,0
118,c000m0118_607018617radlf0000_0704m,16:07:45,16,7,45
118,c000m0118_607019485radlf0000_0461m,16:21:50,16,21,50
119,c000m0119_607102889radlf0000_0461m,14:55:00,14,55,0
120,c000m0120_607200363radlf0000_0500m,17:16:26,17,16,26
120,c000m0120_607201990radlf0000_0461m,17:42:50,17,42,50
121,c000m0121_607280439radlf0000_0461m,14:55:37,14,55,37
121,c000m0121_607283394radlf0000_0500m,15:43:34,15,43,34
122,c000m0122_607379625radlf0000_0461m,17:44:51,17,44,51
124,c000m0124_607521908radlf0000_0500m,8:13:18,8,13,18
126,c000m0126_607719421radlf0000_0461m,13:37:50,13,37,50
127,c000m0127_607811450radlf0000_0461m,14:30:58,14,30,58
127,c000m0127_607813560radlf0000_0500m,15:05:12,15,5,12
128,c000m0128_607906988radlf0000_0461m,16:21:01,16,21,1
132,c000m0132_608247467radlf0000_1400m,12:25:09,12,25,9
132,c000m0132_608247517radlf0000_1500m,12:25:57,12,25,57
132,c000m0132_608247566radlf0000_1600m,12:26:45,12,26,45
132,c000m0132_608247605radlf0000_1700m,12:27:23,12,27,23
132,c000m0132_608247655radlf0000_1800m,12:28:12,12,28,12
132,c000m0132_608247704radlf0000_1900m,12:28:59,12,28,59
132,c000m0132_608249388radlf0000_0461m,12:56:19,12,56,19
133,c000m0133_608345740radlf0000_0461m,14:59:35,14,59,35
134,c000m0134_608444445radlf0000_0461m,17:41:02,17,41,2
135,c000m0135_608531949radlf0000_0461m,17:20:46,17,20,46
137,c000m0137_608675380radlf0000_0500m,8:07:53,8,7,53
138,c000m0138_608777147radlf0000_0461m,11:39:01,11,39,1
139,c000m0139_608865526radlf0000_0461m,11:32:57,11,32,57
140,c000m0140_608954301radlf0000_0461m,11:33:18,11,33,18
141,c000m0141_609061064radlf0000_0461m,16:25:30,16,25,30
142,c000m0142_609118506radlf0000_0500m,7:57:29,7,57,29
142,c000m0142_609138283radlf0000_0461m,13:18:21,13,18,21
144,c000m0144_609298111radlf0000_0500m,8:31:32,8,31,32
144,c000m0144_609309124radlf0000_0461m,11:30:13,11,30,13
145,c000m0145_609375030radlf0000_0516m,5:19:32,5,19,32
145,c000m0145_609376219radlf0000_0675m,5:38:49,5,38,49
145,c000m0145_609376505radlf0000_0676m,5:43:28,5,43,28
145,c000m0145_609377270radlf0000_2695m,5:55:52,5,55,52
145,c000m0145_609377307radlf0000_2696m,5:56:28,5,56,28
145,c000m0145_609377355radlf0000_2697m,5:57:15,5,57,15
145,c000m0145_609377396radlf0000_2698m,5:57:55,5,57,55
145,c000m0145_609377434radlf0000_2699m,5:58:32,5,58,32
145,c000m0145_609377480radlf0000_2700m,5:59:17,5,59,17
145,c000m0145_609377521radlf0000_2701m,5:59:57,5,59,57
145,c000m0145_609377559radlf0000_2702m,6:00:34,6,0,34
145,c000m0145_609377605radlf0000_2703m,6:01:18,6,1,18
145,c000m0145_609377648radlf0000_2704m,6:02:00,6,2,0
145,c000m0145_609399580radlf0000_0461m,11:57:51,11,57,51
145,c000m0145_609421657radlf0000_2695m,17:56:02,17,56,2
145,c000m0145_609421694radlf0000_2696m,17:56:39,17,56,39
145,c000m0145_609421741radlf0000_2697m,17:57:24,17,57,24
145,c000m0145_609421782radlf0000_2698m,17:58:04,17,58,4
145,c000m0145_609421819radlf0000_2699m,17:58:40,17,58,40
145,c000m0145_609421865radlf0000_2700m,17:59:25,17,59,25
145,c000m0145_609421906radlf0000_2701m,18:00:05,18,0,5
145,c000m0145_609421942radlf0000_2702m,18:31:32,18,31,32
145,c000m0145_609421988radlf0000_2703m,18:01:25,18,1,25
145,c000m0145_609422030radlf0000_2704m,18:02:06,18,2,6
145,c000m0145_609422599radlf0000_0675m,18:11:20,18,11,20
145,c000m0145_609422901radlf0000_0676m,18:16:14,18,16,14
145,c000m0145_609423773radlf0000_0516m,18:30:22,18,30,22
146,c000m0146_609490152radlf0000_0461m,12:27:22,12,27,22
146,c000m0146_609509304radlf0000_0200m,17:38:06,17,38,6
146,c000m0146_609509741radlf0000_0675m,17:45:11,17,45,11
146,c000m0146_609509783radlf0000_0676m,17:45:52,17,45,52
146,c000m0146_609509828radlf0000_0677m,17:46:36,17,46,36
146,c000m0146_609509872radlf0000_0678m,17:47:19,17,47,19
146,c000m0146_609509917radlf0000_0679m,17:48:03,17,48,3
146,c000m0146_609509961radlf0000_0680m,17:48:45,17,48,45
146,c000m0146_609510006radlf0000_0681m,17:49:29,17,49,29
146,c000m0146_609510050radlf0000_0682m,17:50:12,17,50,12
146,c000m0146_609510094radlf0000_0683m,17:50:55,17,50,55
146,c000m0146_609510139radlf0000_0684m,17:51:39,17,51,39
146,c000m0146_609510183radlf0000_0685m,17:52:22,17,52,22
146,c000m0146_609510229radlf0000_0686m,17:53:06,17,53,6
146,c000m0146_609510273radlf0000_0687m,17:53:49,17,53,49
146,c000m0146_609510319radlf0000_0688m,17:54:34,17,54,34
146,c000m0146_609510364radlf0000_0689m,17:55:18,17,55,18
146,c000m0146_609510410radlf0000_0690m,17:56:03,17,56,3
146,c000m0146_609510455radlf0000_0691m,17:56:46,17,56,46
146,c000m0146_609510500radlf0000_0692m,17:57:30,17,57,30
146,c000m0146_609510546radlf0000_0693m,17:58:15,17,58,15
146,c000m0146_609510591radlf0000_0694m,17:58:59,17,58,59
146,c000m0146_609510637radlf0000_0695m,17:59:44,17,59,44
146,c000m0146_609510682radlf0000_0696m,18:00:27,18,0,27
146,c000m0146_609510729radlf0000_0697m,18:01:13,18,1,13
146,c000m0146_609510774radlf0000_0698m,18:01:57,18,1,57
146,c000m0146_609510821radlf0000_0699m,18:02:43,18,2,43
146,c000m0146_609510867radlf0000_0700m,18:03:27,18,3,27
146,c000m0146_609510914radlf0000_0701m,18:04:13,18,4,13
146,c000m0146_609510960radlf0000_0702m,18:04:58,18,4,58
146,c000m0146_609511007radlf0000_0703m,18:05:44,18,5,44
146,c000m0146_609511054radlf0000_0704m,18:06:29,18,6,29
146,c000m0146_609511869radlf0000_0200m,18:19:43,18,19,43
148,c000m0148_609679636radlf0000_0461m,15:41:42,15,41,42
149,c000m0149_609767393radlf0000_0461m,15:25:33,15,25,33
151,c000m0151_609918305radlf0000_0500m,8:14:04,8,14,4
151,c000m0151_609953463radlf0000_0461m,17:44:31,17,44,31
153,c000m0153_610109894radlf0000_1400m,12:02:35,12,2,35
153,c000m0153_610109944radlf0000_1500m,12:03:24,12,3,24
153,c000m0153_610109993radlf0000_1600m,12:04:11,12,4,11
153,c000m0153_610110033radlf0000_1700m,12:04:50,12,4,50
153,c000m0153_610110082radlf0000_1800m,12:05:38,12,5,38
153,c000m0153_610110132radlf0000_1900m,12:06:27,12,6,27
153,c000m0153_610113594radlf0000_1400m,13:02:37,13,2,37
153,c000m0153_610113643radlf0000_1500m,13:03:25,13,3,25
153,c000m0153_610113693radlf0000_1600m,13:04:13,13,4,13
153,c000m0153_610113732radlf0000_1700m,13:04:51,13,4,51
153,c000m0153_610113782radlf0000_1800m,13:05:40,13,5,40
153,c000m0153_610113831radlf0000_1900m,13:06:28,13,6,28
153,c000m0153_610117284radlf0000_1400m,14:02:29,14,2,29
153,c000m0153_610117326radlf0000_1500m,14:03:10,14,3,10
153,c000m0153_610117367radlf0000_1600m,14:03:50,14,3,50
153,c000m0153_610117399radlf0000_1700m,14:04:21,14,4,21
153,c000m0153_610117440radlf0000_1800m,14:05:01,14,5,1
153,c000m0153_610117481radlf0000_1900m,14:05:41,14,5,41
153,c000m0153_610127974radlf0000_0500m,16:55:56,16,55,56
158,c000m0158_610569556radlf0000_0461m,16:20:33,16,20,33
158,c000m0158_610573766radlf0000_0200m,17:28:51,17,28,51
158,c000m0158_610574219radlf0000_0675m,17:36:12,17,36,12
158,c000m0158_610574266radlf0000_0676m,17:36:58,17,36,58
158,c000m0158_610574313radlf0000_0677m,17:37:44,17,37,44
158,c000m0158_610574360radlf0000_0678m,17:38:30,17,38,30
158,c000m0158_610574403radlf0000_0679m,17:39:11,17,39,11
158,c000m0158_610574447radlf0000_0680m,17:39:54,17,39,54
158,c000m0158_610574490radlf0000_0681m,17:40:36,17,40,36
158,c000m0158_610574534radlf0000_0682m,17:41:19,17,41,19
158,c000m0158_610574577radlf0000_0683m,17:42:01,17,42,1
158,c000m0158_610574620radlf0000_0684m,17:42:43,17,42,43
158,c000m0158_610574664radlf0000_0685m,17:43:26,17,43,26
158,c000m0158_610574707radlf0000_0686m,17:44:07,17,44,7
158,c000m0158_610574751radlf0000_0687m,17:44:50,17,44,50
158,c000m0158_610574794radlf0000_0688m,17:45:32,17,45,32
158,c000m0158_610574838radlf0000_0689m,17:46:15,17,46,15
158,c000m0158_610574881radlf0000_0690m,17:46:57,17,46,57
158,c000m0158_610574924radlf0000_0691m,17:47:39,17,47,39
158,c000m0158_610574968radlf0000_0692m,17:48:21,17,48,21
158,c000m0158_610575011radlf0000_0693m,17:49:03,17,49,3
158,c000m0158_610575055radlf0000_0694m,17:49:46,17,49,46
158,c000m0158_610575098radlf0000_0695m,17:50:28,17,50,28
158,c000m0158_610575142radlf0000_0696m,17:51:11,17,51,11
158,c000m0158_610575185radlf0000_0697m,17:51:53,17,51,53
158,c000m0158_610575229radlf0000_0698m,17:52:36,17,52,36
158,c000m0158_610575274radlf0000_0699m,17:53:19,17,53,19
158,c000m0158_610575318radlf0000_0700m,17:54:02,17,54,2
158,c000m0158_610575363radlf0000_0701m,17:54:46,17,54,46
158,c000m0158_610575407radlf0000_0702m,17:55:29,17,55,29
158,c000m0158_610575452radlf0000_0703m,17:56:13,17,56,13
158,c000m0158_610575496radlf0000_0704m,17:56:55,17,56,55
158,c000m0158_610577059radlf0000_0200m,18:22:17,18,22,17
160,c000m0160_610718121radlf0000_0500m,8:31:00,8,31,0
160,c000m0160_610746568radlf0000_0461m,16:12:33,16,12,33
161,c000m0161_610835683radlf0000_0461m,16:18:26,16,18,26
162,c000m0162_610923050radlf0000_0200m,15:55:57,15,55,57
163,c000m0163_611011758radlf0000_0200m,15:55:14,15,55,14
164,c000m0164_611101833radlf0000_0200m,16:16:42,16,16,42
165,c000m0165_611189358radlf0000_0200m,15:56:47,15,56,47
166,c000m0166_611279383radlf0000_0200m,16:17:26,16,17,26
167,C000M0167_611366858RADLF0000_0200M2,15:56:42,15,56,42
168,C000M0168_611455484RADLF0000_0500M2,15:54:39,15,54,39
168,C000M0168_611461863RADLF0000_0200M4,17:38:09,17,38,9
169,C000M0169_611542534RADLF0000_0200M2,15:27:02,15,27,2
170,C000M0170_611633187RADLF0000_0200M2,15:57:52,15,57,52
171,C000M0171_611722643RADLF0000_0200M2,16:09:17,16,9,17
172,C000M0172_611812111RADLF0000_0200M2,16:20:54,16,20,54
173,C000M0173_611900193RADLF0000_0200M2,16:10:01,16,10,1
174,C000M0174_611988968RADLF0000_0200M2,16:10:23,16,10,23
175,C000M0175_612083227RADLF0000_0200M2,17:39:43,17,39,43
176,C000M0176_612167231RADLF0000_0200M2,16:22:41,16,22,41
177,C000M0177_612255293RADLF0000_0200M2,16:11:28,16,11,28
178,C000M0178_612344068RADLF0000_0461M4,16:11:50,16,11,50
179,C000M0179_612432844RADLF0000_0461M2,16:12:13,16,12,13
180,C000M0180_612521619RADLF0000_0461M2,16:12:34,16,12,34
181,C000M0181_612610394RADLF0000_0461M2,16:12:56,16,12,56
182,C000M0182_612705070RADLF0000_0461M2,17:49:02,17,49,2
183,C000M0183_612787019RADLF0000_0461M3,15:58:39,15,58,39
184,C000M0184_612879122RADLF0000_0461M3,16:53:00,16,53,0
185,C000M0185_612964388RADLF0000_0915M2,15:56:25,15,56,25
185,C000M0185_612964599RADLF0000_0917M2,15:59:51,15,59,51
186,C000M0186_613053345RADLF0000_0461M2,15:59:44,15,59,44
187,C000M0187_613146237RADLF0000_0461M2,17:06:53,17,6,53
188,C000M0188_613230895RADLF0000_0461M2,16:00:27,16,0,27
189,C000M0189_613317523RADLF0000_0461M2,15:25:58,15,25,58
189,C000M0189_613318279RADLF0000_2695M2,15:38:14,15,38,14
189,C000M0189_613318380RADLF0000_2696M2,15:39:52,15,39,52
189,C000M0189_613318423RADLF0000_2697M2,15:40:34,15,40,34
189,C000M0189_613318467RADLF0000_2698M2,15:41:17,15,41,17
189,C000M0189_613318511RADLF0000_2699M2,15:42:00,15,42,0
189,C000M0189_613318554RADLF0000_2700M2,15:42:42,15,42,42
189,C000M0189_613318598RADLF0000_2701M2,15:43:24,15,43,24
189,C000M0189_613318643RADLF0000_2702M2,15:44:08,15,44,8
189,C000M0189_613318685RADLF0000_2703M2,15:44:49,15,44,49
189,C000M0189_613318729RADLF0000_2704M2,15:45:32,15,45,32
189,C000M0189_613318772RADLF0000_2705M2,15:46:14,15,46,14
189,C000M0189_613318816RADLF0000_2706M2,15:46:57,15,46,57
189,C000M0189_613318859RADLF0000_2707M2,15:47:38,15,47,38
189,C000M0189_613318902RADLF0000_2708M2,15:48:20,15,48,20
189,C000M0189_613318946RADLF0000_2709M2,15:49:03,15,49,3
189,C000M0189_613318989RADLF0000_2710M2,15:49:45,15,49,45
189,C000M0189_613319033RADLF0000_2711M2,15:50:28,15,50,28
189,C000M0189_613319076RADLF0000_2712M2,15:51:10,15,51,10
189,C000M0189_613319120RADLF0000_2713M2,15:51:53,15,51,53
189,C000M0189_613319152RADLF0000_2714M2,15:52:24,15,52,24
189,C000M0189_613319906RADLF0000_0585M2,16:04:38,16,4,38
190,C000M0190_613408865RADLF0000_0461M2,16:07:58,16,7,58
191,C000M0191_613504812RADLF0000_1200M2,18:04:41,18,4,41
191,C000M0191_613504872RADLF0000_1400M2,18:05:39,18,5,39
191,C000M0191_613504933RADLF0000_1300M2,18:06:39,18,6,39
192,C000M0192_613586786RADLF0000_0461M2,16:14:41,16,14,41
193,C000M0193_613674113RADLF0000_0912M2,15:51:33,15,51,33
193,C000M0193_613674325RADLF0000_0914M2,15:54:59,15,54,59
193,C000M0193_613679822RADLF0000_0461M4,17:24:10,17,24,10
194,C000M0194_613771646RADLF0000_1200M2,18:13:59,18,13,59
194,C000M0194_613771709RADLF0000_1400M2,18:15:01,18,15,1
194,C000M0194_613771773RADLF0000_1300M2,18:16:03,18,16,3
195,C000M0195_613852741RADLF0000_0461M2,16:09:44,16,9,44
198,C000M0198_614096523RADLF0000_1400M2,10:05:01,10,5,1
198,C000M0198_614096572RADLF0000_1500M2,10:05:48,10,5,48
198,C000M0198_614096622RADLF0000_1600M2,10:06:37,10,6,37
198,C000M0198_614096661RADLF0000_1700M2,10:07:15,10,7,15
198,C000M0198_614096711RADLF0000_1800M2,10:08:04,10,8,4
198,C000M0198_614096760RADLF0000_1900M2,10:08:51,10,8,51
198,C000M0198_614122764RADLF0000_0461M2,17:10:46,17,10,46
199,C000M0199_614210350RADLF0000_0200M2,16:51:49,16,51,49
200,C000M0200_614296616RADLF0000_0461M4,16:11:27,16,11,27
201,C000M0201_614389098RADLF0000_0461M2,17:11:56,17,11,56
202,C000M0202_614475338RADLF0000_0461M2,16:31:08,16,31,8
203,C000M0203_614553322RADLF0000_0823M4,13:36:24,13,36,24
203,C000M0203_614553526RADLF0000_0824M2,13:39:42,13,39,42
203,C000M0203_614553739RADLF0000_0825M2,13:43:10,13,43,10
203,C000M0203_614553952RADLF0000_0826M5,13:46:37,13,46,37
203,C000M0203_614554165RADLF0000_0827M2,13:50:04,13,50,4
203,C000M0203_614557921RADLF0000_0461M2,14:51:01,14,51,1
203,C000M0203_614561621RADLF0000_0200M2,15:51:03,15,51,3
203,C000M0203_614565320RADLF0000_0200M2,16:51:03,16,51,3
203,C000M0203_614569115RADLF0000_0200M2,17:52:38,17,52,38
204,C000M0204_614618963RADLF0000_0200M2,7:21:23,7,21,23
204,C000M0204_614622653RADLF0000_0200M2,8:21:16,8,21,16
204,C000M0204_614626353RADLF0000_0200M2,9:21:17,9,21,17
204,C000M0204_614630051RADLF0000_0461M2,10:21:17,10,21,17
205,C000M0205_614729629RADLF0000_0461M2,13:16:54,13,16,54
206,C000M0206_614819335RADLF0000_0925M2,13:32:20,13,32,20
206,C000M0206_614819603RADLF0000_0926M2,13:36:41,13,36,41
206,C000M0206_614819821RADLF0000_0927M2,13:40:13,13,40,13
206,C000M0206_614820037RADLF0000_0928M2,13:43:43,13,43,43
206,C000M0206_614824247RADLF0000_0200M2,14:52:02,14,52,2
206,C000M0206_614827946RADLF0000_0200M3,15:52:03,15,52,3
206,C000M0206_614831645RADLF0000_0200M2,16:52:03,16,52,3
206,C000M0206_614835353RADLF0000_0200M2,17:52:13,17,52,13
207,C000M0207_614883878RADLF0000_0200M3,6:59:31,6,59,31
207,C000M0207_614888978RADLF0000_0200M2,8:22:15,8,22,15
207,C000M0207_614892060RADLF0000_0200M2,9:12:16,9,12,16
207,C000M0207_614896376RADLF0000_0461M2,10:22:17,10,22,17
208,C000M0208_614995894RADLF0000_0461M2,13:16:55,13,16,55
209,C000M0209_615085661RADLF0000_0925M2,13:33:20,13,33,20
209,C000M0209_615085939RADLF0000_0588M2,13:37:51,13,37,51
209,C000M0209_615086155RADLF0000_0927M2,13:41:21,13,41,21
209,C000M0209_615086374RADLF0000_0928M2,13:44:54,13,44,54
209,C000M0209_615086590RADLF0000_0927M2,13:48:24,13,48,24
209,C000M0209_615086808RADLF0000_0928M2,13:51:57,13,51,57
209,C000M0209_615087024RADLF0000_0117M2,13:55:27,13,55,27
209,C000M0209_615087250RADLF0000_0928M2,13:59:07,13,59,7
209,C000M0209_615087466RADLF0000_0117M2,14:02:37,14,2,37
209,C000M0209_615087692RADLF0000_0928M2,14:06:17,14,6,17
209,C000M0209_615087901RADLF0000_0117M2,14:09:41,14,9,41
209,C000M0209_615088124RADLF0000_0926M2,14:13:18,14,13,18
209,C000M0209_615088349RADLF0000_0586M2,14:16:57,14,16,57
209,C000M0209_615090573RADLF0000_0461M2,14:53:02,14,53,2
209,C000M0209_615094271RADLF0000_0461M2,15:53:02,15,53,2
209,C000M0209_615097970RADLF0000_0461M2,16:53:03,16,53,3
209,C000M0209_615101678RADLF0000_0461M2,17:53:12,17,53,12
210,C000M0210_615151614RADLF0000_0461M2,7:23:23,7,23,23
210,C000M0210_615155304RADLF0000_0461M2,8:23:15,8,23,15
210,C000M0210_615159003RADLF0000_0461M2,9:23:16,9,23,16
210,C000M0210_615162702RADLF0000_0461M2,10:23:17,10,23,17
211,C000M0211_615262159RADLF0000_0461M2,13:16:55,13,16,55
212,C000M0212_615350914RADLF0000_0461M2,13:16:55,13,16,55
213,C000M0213_615452183RADLF0000_0200M2,16:39:56,16,39,56
214,C000M0214_615528426RADLF0000_0461M2,13:16:56,13,16,56
215,C000M0215_615617181RADLF0000_0461M2,13:16:56,13,16,56
216,C000M0216_615718219RADLF0000_0200M2,16:36:12,16,36,12
217,C000M0217_615805793RADLF0000_0200M2,16:17:02,16,17,2
218,C000M0218_615883447RADLF0000_0461M2,13:16:55,13,16,55
219,C000M0219_615983343RADLF0000_0200M2,16:17:39,16,17,39
220,C000M0220_616070498RADLF0000_0912M2,15:51:40,15,51,40
220,C000M0220_616070710RADLF0000_0914M2,15:55:07,15,55,7
220,C000M0220_616071418RADLF0000_0461M2,16:06:36,16,6,36
221,C000M0221_616149715RADLF0000_0461M2,13:16:55,13,16,55
222,C000M0222_616238472RADLF0000_0461M2,13:16:55,13,16,55
223,C000M0223_616331096RADLF0000_2695M2,14:19:40,14,19,40
223,C000M0223_616331206RADLF0000_2696M2,14:21:02,14,21,2
223,C000M0223_616331249RADLF0000_2697M2,14:22:09,14,22,9
223,C000M0223_616331293RADLF0000_2698M2,14:22:52,14,22,52
223,C000M0223_616331336RADLF0000_2699M2,14:23:34,14,23,34
223,C000M0223_616331380RADLF0000_2700M2,14:24:17,14,24,17
223,C000M0223_616331423RADLF0000_2701M2,14:24:58,14,24,58
223,C000M0223_616331466RADLF0000_2702M2,14:25:40,14,25,40
223,C000M0223_616331509RADLF0000_2703M2,14:26:22,14,26,22
223,C000M0223_616331552RADLF0000_2704M2,14:27:04,14,27,4
223,C000M0223_616331595RADLF0000_2705M2,14:27:46,14,27,46
223,C000M0223_616331638RADLF0000_2706M2,14:28:28,14,28,28
223,C000M0223_616331682RADLF0000_2707M2,14:29:11,14,29,11
223,C000M0223_616331724RADLF0000_2708M2,14:29:51,14,29,51
223,C000M0223_616331767RADLF0000_2709M2,14:30:33,14,30,33
223,C000M0223_616331810RADLF0000_2710M2,14:31:15,14,31,15
223,C000M0223_616331853RADLF0000_2711M2,14:31:57,14,31,57
223,C000M0223_616331896RADLF0000_2712M2,14:32:39,14,32,39
223,C000M0223_616331928RADLF0000_2713M2,14:33:10,14,33,10
223,C000M0223_616331960RADLF0000_2714M2,14:33:41,14,33,41
223,C000M0223_616332815RADLF0000_0577M2,14:47:34,14,47,34
223,C000M0223_616339560RADLF0000_0200M2,16:36:59,16,36,59
224,C000M0224_616411000RADLF0000_1200M2,11:56:03,11,56,3
224,C000M0224_616411042RADLF0000_1400M2,11:56:44,11,56,44
224,C000M0224_616411083RADLF0000_1300M2,11:57:23,11,57,23
224,C000M0224_616427219RADLF0000_0461M2,16:19:11,16,19,11
225,C000M0225_616504468RADLF0000_0461M2,13:12:29,13,12,29
226,C000M0226_616604768RADLF0000_0461M2,16:19:46,16,19,46
227,C000M0227_616701049RADLF0000_0461M2,18:21:50,18,21,50
228,C000M0228_616770793RADLF0000_0461M2,13:13:22,13,13,22
229,C000M0229_616871094RADLF0000_0461M2,16:20:39,16,20,39
230,C000M0230_616964110RADLF0000_0461M2,17:29:45,17,29,45
232,C000M0232_617126041RADLF0000_0461M2,13:16:55,13,16,55
232,C000M0232_617135454RADLF0000_0461M2,15:49:38,15,49,38
234,C000M0234_617313952RADLF0000_0465M4,16:05:34,16,5,34
234,C000M0234_617314168RADLF0000_0925M4,16:09:05,16,9,5
234,C000M0234_617314371RADLF0000_0926M4,16:12:22,16,12,22
234,C000M0234_617314583RADLF0000_0927M4,16:15:49,16,15,49
234,C000M0234_617314790RADLF0000_0928M4,16:19:10,16,19,10
234,C000M0234_617315425RADLF0000_0461M4,16:29:28,16,29,28
234,C000M0234_617317356RADLF0000_0830M4,17:00:48,17,0,48
235,C000M0235_617372832RADLF0000_0200M4,8:00:50,8,0,50
235,C000M0235_617401300RADLF0000_0461M4,15:42:42,15,42,42
236,C000M0236_617481073RADLF0000_0461M4,13:16:56,13,16,56
236,C000M0236_617493640RADLF0000_0461M4,16:40:49,16,40,49
237,C000M0237_617580035RADLF0000_0558M4,16:02:28,16,2,28
237,C000M0237_617580310RADLF0000_0928M4,16:06:56,16,6,56
237,C000M0237_617580526RADLF0000_0559M4,16:10:26,16,10,26
237,C000M0237_617580742RADLF0000_0927M4,16:13:57,16,13,57
237,C000M0237_617581750RADLF0000_0461M4,16:30:18,16,30,18
237,C000M0237_617584078RADLF0000_0200M4,17:08:04,17,8,4
238,C000M0238_617639158RADLF0000_0200M4,8:01:41,8,1,41
238,C000M0238_617670070RADLF0000_0461M4,16:23:11,16,23,11
239,C000M0239_617747320RADLF0000_0461M4,13:16:29,13,16,29
240,C000M0240_617843841RADLF0000_0465M4,15:22:25,15,22,25
240,C000M0240_617844041RADLF0000_0467M4,15:25:40,15,25,40
240,C000M0240_617844244RADLF0000_0469M4,15:28:57,15,28,57
240,C000M0240_617844491RADLF0000_0471M4,15:32:58,15,32,58
240,C000M0240_617844689RADLF0000_0473M4,15:36:10,15,36,10
240,C000M0240_617849884RADLF0000_0461M4,17:00:27,17,0,27
242,C000M0242_618009021RADLF0000_0461M4,12:02:15,12,2,15
243,C000M0243_618084183RADLF0000_0800M7,8:21:40,8,21,40
243,C000M0243_618084388RADLF0000_0801M4,8:24:59,8,24,59
243,C000M0243_618084588RADLF0000_0465M4,8:28:14,8,28,14
243,C000M0243_618084835RADLF0000_0467M5,8:32:15,8,32,15
243,C000M0243_618085040RADLF0000_0469M4,8:35:34,8,35,34
243,C000M0243_618085287RADLF0000_0471M4,8:39:35,8,39,35
243,C000M0243_618085485RADLF0000_0473M4,8:42:47,8,42,47
243,C000M0243_618109254RADLF0000_0800M4,15:08:25,15,8,25
243,C000M0243_618109459RADLF0000_0801M4,15:11:44,15,11,44
243,C000M0243_618109658RADLF0000_0465M4,15:14:58,15,14,58
243,C000M0243_618109905RADLF0000_0467M4,15:18:58,15,18,58
243,C000M0243_618110111RADLF0000_0469M4,15:22:19,15,22,19
243,C000M0243_618110359RADLF0000_0471M4,15:26:20,15,26,20
243,C000M0243_618110557RADLF0000_0473M4,15:29:33,15,29,33
244,C000M0244_618202721EDR_F0000_0461M4,16:24:47,16,24,47
245,C000M0245_618275354EDR_F0000_0461M4,12:03:10,12,3,10
246,C000M0246_618348668EDR_F0000_0800M3,7:52:35,7,52,35
246,C000M0246_618348873EDR_F0000_0801M3,7:55:55,7,55,55
246,C000M0246_618349072EDR_F0000_0465M3,7:59:08,7,59,8
246,C000M0246_618349320EDR_F0000_0467M4,8:03:10,8,3,10
246,C000M0246_618349525EDR_F0000_0469M4,8:06:29,8,6,29
246,C000M0246_618349771EDR_F0000_0471M4,8:10:29,8,10,29
246,C000M0246_618349969EDR_F0000_0473M3,8:13:42,8,13,42
246,C000M0246_618375573EDR_F0000_0800M3,15:09:05,15,9,5
246,C000M0246_618375778EDR_F0000_0801M3,15:12:25,15,12,25
246,C000M0246_618375976EDR_F0000_0465M3,15:15:37,15,15,37
246,C000M0246_618376223EDR_F0000_0467M4,15:19:38,15,19,38
246,C000M0246_618376427EDR_F0000_0469M4,15:22:56,15,22,56
246,C000M0246_618376674EDR_F0000_0471M4,15:26:57,15,26,57
246,C000M0246_618376872EDR_F0000_0473M3,15:30:09,15,30,9
246,C000M0246_618380426EDR_F0000_0461M3,16:27:49,16,27,49
247,C000M0247_618469045EDR_F0000_0461M3,16:25:32,16,25,32
248,C000M0248_618551852EDR_F0000_0461M3,14:48:58,14,48,58
249,C000M0249_618646596EDR_F0000_0461M3,16:26:03,16,26,3
250,C000M0250_618703767EDR_F0000_0800M3,7:53:34,7,53,34
250,C000M0250_618703972EDR_F0000_0801M3,7:56:54,7,56,54
250,C000M0250_618704171EDR_F0000_0465M3,8:00:07,8,0,7
250,C000M0250_618704419EDR_F0000_0467M3,8:04:09,8,4,9
250,C000M0250_618704621EDR_F0000_0469M3,8:07:25,8,7,25
250,C000M0250_618704867EDR_F0000_0471M3,8:11:25,8,11,25
250,C000M0250_618705068EDR_F0000_0473M3,8:14:41,8,14,41
250,C000M0250_618730674EDR_F0000_0800M3,15:10:06,15,10,6
250,C000M0250_618730879EDR_F0000_0801M3,15:13:25,15,13,25
250,C000M0250_618731079EDR_F0000_0465M3,15:16:40,15,16,40
250,C000M0250_618731326EDR_F0000_0467M3,15:20:40,15,20,40
250,C000M0250_618731531EDR_F0000_0469M3,15:24:00,15,24,0
250,C000M0250_618731778EDR_F0000_0471M3,15:28:00,15,28,0
250,C000M0250_618731976EDR_F0000_0473M3,15:31:13,15,31,13
250,C000M0250_618735527EDR_F0000_0200M3,16:28:50,16,28,50
251,C000M0251_618824147EDR_F0000_0461M3,16:26:34,16,26,34
252,C000M0252_618901218EDR_F0000_0461M3,13:16:55,13,16,55
253,C000M0253_618983962EDR_F0000_0800M2,11:39:19,11,39,19
253,C000M0253_618984167EDR_F0000_0801M2,11:42:39,11,42,39
253,C000M0253_618984357EDR_F0000_0465M2,11:45:44,11,45,44
253,C000M0253_618984791EDR_F0000_0469M3,11:52:46,11,52,46
253,C000M0253_618985029EDR_F0000_0471M3,11:56:38,11,56,38
253,C000M0253_618985219EDR_F0000_0473M2,11:59:43,11,59,43
253,C000M0253_618997023EDR_F0000_0800M2,15:11:13,15,11,13
253,C000M0253_618997228EDR_F0000_0801M2,15:14:32,15,14,32
253,C000M0253_618997426EDR_F0000_0465M2,15:17:45,15,17,45
253,C000M0253_618997673EDR_F0000_0467M3,15:21:45,15,21,45
253,C000M0253_618997875EDR_F0000_0469M3,15:25:02,15,25,2
253,C000M0253_618998114EDR_F0000_0471M3,15:28:55,15,28,55
253,C000M0253_618998304EDR_F0000_0473M2,15:32:00,15,32,0
253,C000M0253_619001852EDR_F0000_0200M3,16:29:33,16,29,33
254,C000M0254_619090472EDR_F0000_0461M2,16:27:17,16,27,17
254,C000M0254_619111608EDR_F0000_0675M2,22:10:11,22,10,11
254,C000M0254_619112328EDR_F0000_0676M2,22:21:52,22,21,52
254,C000M0254_619113048EDR_F0000_0677M2,22:33:32,22,33,32
254,C000M0254_619113768EDR_F0000_0678M2,22:45:13,22,45,13
255,C000M0255_619167498EDR_F0000_0461M2,13:16:54,13,16,54
256,C000M0256_619268022EDR_F0000_0461M3,16:27:45,16,27,45
257,C000M0257_619359961EDR_F0000_0200M2,17:19:19,17,19,19
258,C000M0258_619446216EDR_F0000_0461M3,16:38:39,16,38,39
258,C000M0258_619466708EDR_F0000_0675M2,22:11:06,22,11,6
258,C000M0258_619467428EDR_F0000_0676M2,22:22:47,22,22,47
258,C000M0258_619468148EDR_F0000_0677M2,22:34:28,22,34,28
258,C000M0258_619468868EDR_F0000_0678M2,22:46:09,22,46,9
259,C000M0259_619522541EDR_F0000_0461M2,13:16:54,13,16,54
261,C000M0261_619708741EDR_F0000_0461M2,15:37:41,15,37,41
262,C000M0262_619788825EDR_F0000_0200M3,13:16:55,13,16,55
263,C000M0263_619889448EDR_F0000_0200M2,16:29:21,16,29,21
264,D000M0264_619974104EDR_F0000_0817M2,15:22:44,15,22,44
266,C000M0266_620152579EDR_F0000_0200M2,15:38:10,15,38,10
268,D000M0268_620329204EDR_F0000_0817M2,15:23:35,15,23,35
270,C000M0270_620507747EDR_F0000_0200M2,15:40:06,15,40,6
274,C000M0274_620862781EJP_F0000_0200M2.JPG,15:39:50,15,39,50
278,C000M0278_621217881EJP_F0000_0200M2.JPG,15:40:37,15,40,37
282,C000M0282_621572981EJP_F0000_0200M3.JPG,15:41:21,15,41,21
284,C000M0284_621741605EJP_F0000_0461M2.JPG,13:16:55,13,16,55
284,C000M0284_621755659EJP_F0000_0461M2.JPG,17:04:54,17,4,54
286,C000M0286_621929931EJP_F0000_0461M4.JPG,16:12:05,16,12,5
288,C000M0288_622102084EJP_F0000_0200M2.JPG,14:44:53,14,44,53
288,C000M0288_622103887EJP_F0000_0200M2.JPG,15:14:08,15,14,8
288,C000M0288_622105083EJP_F0000_0200M3.JPG,15:33:32,15,33,32
289,C000M0289_622181672EJP_F0000_0461M2.JPG,12:16:01,12,16,1
290,C000M0290_622286376EJP_F0000_0461M2.JPG,16:34:36,16,34,36
291,C000M0291_622364293EJP_F0000_0200M2.JPG,13:38:37,13,38,37
291,C000M0291_622370932EJP_F0000_0200M2.JPG,15:26:19,15,26,19
291,C000M0291_622375307EJP_F0000_0200M3.JPG,16:37:18,16,37,18
292,C000M0292_622463927EJP_F0000_0461M2.JPG,16:34:57,16,34,57
293,C000M0293_622540493EJP_F0000_0461M2.JPG,13:17:03,13,17,3
294,c000m0294_622641477radlf0000_0461m,16:35:17,16,35,17
295,c000m0295_622715586radlf0000_0925m,12:37:31,12,37,31
295,c000m0295_622717586radlf0000_0200m,13:09:58,13,9,58
296,c000m0296_622806788radlf0000_0461m,13:17:03,13,17,3
297,c000m0297_622907803radlf0000_0461m,16:35:47,16,35,47
298,c000m0298_622996997radlf0000_0800m,16:42:44,16,42,44
298,c000m0298_622997202radlf0000_0801m,16:46:03,16,46,3
298,c000m0298_622997408radlf0000_0465m,16:49:24,16,49,24
298,c000m0298_622999896radlf0000_0200m,17:29:46,17,29,46
299,c000m0299_623053824radlf0000_0200m,8:04:37,8,4,37
299,c000m0299_623085361radlf0000_0461m,16:36:13,16,36,13
300,c000m0300_623161840radlf0000_0461m,13:16:54,13,16,54
301,c000m0301_623262903radlf0000_0461m,16:36:22,16,36,22
302,c000m0302_623333958radlf0000_0465m,11:49:04,11,49,4
302,c000m0302_623334157radlf0000_0467m,11:52:18,11,52,18
302,c000m0302_623334356radlf0000_0469m,11:55:31,11,55,31
302,c000m0302_623339238radlf0000_0200m,13:14:43,13,14,43
302,c000m0302_623342959radlf0000_0200m,14:15:05,14,15,5
302,c000m0302_623346659radlf0000_0200m,15:15:06,15,15,6
302,c000m0302_623350358radlf0000_0200m,16:15:07,16,15,7
302,c000m0302_623355031radlf0000_0200m,17:30:55,17,30,55
303,c000m0303_623408924radlf0000_0200m,8:05:12,8,5,12
303,c000m0303_623428146radlf0000_0461m,13:17:02,13,17,2
304,c000m0304_623529229radlf0000_0461m,16:36:51,16,36,51
305,c000m0305_623600284radlf0000_0467m,11:49:32,11,49,32
305,c000m0305_623600484radlf0000_0469m,11:52:47,11,52,47
305,c000m0305_623605564radlf0000_0200m,13:15:11,13,15,11
305,c000m0305_623609285radlf0000_0200m,14:15:33,14,15,33
305,c000m0305_623612984radlf0000_0200m,15:15:34,15,15,34
305,c000m0305_623616683radlf0000_0200m,16:15:34,16,15,34
305,c000m0305_623621356radlf0000_0200m,17:31:22,17,31,22
306,c000m0306_623675250radlf0000_0200m,8:05:40,8,5,40
306,c000m0306_623694442radlf0000_0461m,13:17:01,13,17,1
307,c000m0307_623794209radlf0000_0461m,16:15:28,16,15,28
308,c000m0308_623881362radlf0000_0830m,15:49:19,15,49,19
308,c000m0308_623884604radlf0000_0675m,16:41:54,16,41,54
308,c000m0308_623884651radlf0000_0676m,16:42:40,16,42,40
308,c000m0308_623884699radlf0000_0677m,16:43:27,16,43,27
308,c000m0308_623884746radlf0000_0678m,16:44:12,16,44,12
308,c000m0308_623884794radlf0000_0679m,16:44:59,16,44,59
308,c000m0308_623884841radlf0000_0680m,16:45:45,16,45,45
308,c000m0308_623884889radlf0000_0681m,16:46:32,16,46,32
308,c000m0308_623884936radlf0000_0682m,16:47:17,16,47,17
308,c000m0308_623884984radlf0000_0683m,16:48:04,16,48,4
308,c000m0308_623885031radlf0000_0684m,16:48:50,16,48,50
308,c000m0308_623887616radlf0000_0830m,17:30:46,17,30,46
309,c000m0309_623941575radlf0000_0200m,8:06:07,8,6,7
309,c000m0309_623960740radlf0000_0461m,13:17:01,13,17,1
309,c000m0309_623961160radlf0000_1400m,13:23:50,13,23,50
309,c000m0309_623961210radlf0000_1500m,13:24:38,13,24,38
309,c000m0309_623961259radlf0000_1600m,13:25:26,13,25,26
309,c000m0309_623961299radlf0000_1700m,13:26:05,13,26,5
309,c000m0309_623961348radlf0000_1800m,13:26:53,13,26,53
309,c000m0309_623961398radlf0000_1900m,13:27:41,13,27,41
310,c000m0310_624060534radlf0000_0461m,16:15:55,16,15,55
311,c000m0311_624132935radlf0000_0467m,11:50:26,11,50,26
311,c000m0311_624133133radlf0000_0469m,11:53:39,11,53,39
311,c000m0311_624150567radlf0000_0830m,16:36:28,16,36,28
311,c000m0311_624150991radlf0000_0675m,16:43:21,16,43,21
311,c000m0311_624151038radlf0000_0676m,16:44:06,16,44,6
311,c000m0311_624151086radlf0000_0677m,16:44:53,16,44,53
311,c000m0311_624151133radlf0000_0678m,16:45:39,16,45,39
311,c000m0311_624151181radlf0000_0679m,16:46:25,16,46,25
311,c000m0311_624151228radlf0000_0680m,16:47:11,16,47,11
311,c000m0311_624151276radlf0000_0681m,16:47:58,16,47,58
311,c000m0311_624151323radlf0000_0682m,16:48:04,16,48,4
311,c000m0311_624151370radlf0000_0683m,16:49:29,16,49,29
311,c000m0311_624151418radlf0000_0684m,16:50:16,16,50,16
311,c000m0311_624151465radlf0000_0685m,16:51:02,16,51,2
311,c000m0311_624151513radlf0000_0686m,16:51:49,16,51,49
311,c000m0311_624151560radlf0000_0687m,16:52:34,16,52,34
311,c000m0311_624151608radlf0000_0688m,16:53:21,16,53,21
311,c000m0311_624151655radlf0000_0689m,16:54:07,16,54,7
311,c000m0311_624153941radlf0000_0830m,17:31:12,17,31,12
312,c000m0312_624205566radlf0000_0200m,7:28:41,7,28,41
313,c000m0313_624315804radlf0000_0461m,13:17:00,13,17,0
314,c000m0314_624405771radlf0000_1200m,13:36:29,13,36,29
314,c000m0314_624405820radlf0000_1400m,13:37:17,13,37,17
314,c000m0314_624405870radlf0000_1300m,13:38:05,13,38,5
314,c000m0314_624415634radlf0000_1200m,16:16:29,16,16,29
314,c000m0314_624415684radlf0000_1400m,16:17:18,16,17,18
314,c000m0314_624415733radlf0000_1300m,16:18:05,16,18,5
315,c000m0315_624487911radlf0000_0467m,11:48:59,11,48,59
315,c000m0315_624488109radlf0000_0469m,11:52:12,11,52,12
315,c000m0315_624505667radlf0000_0830m,16:37:02,16,37,2
315,c000m0315_624506091radlf0000_0675m,16:43:55,16,43,55
315,c000m0315_624506138radlf0000_0676m,16:44:40,16,44,40
315,c000m0315_624506186radlf0000_0677m,16:45:27,16,45,27
315,c000m0315_624506233radlf0000_0678m,16:46:13,16,46,13
315,c000m0315_624506281radlf0000_0679m,16:47:00,16,47,0
315,c000m0315_624506328radlf0000_0680m,16:47:45,16,47,45
315,c000m0315_624506376radlf0000_0681m,16:48:32,16,48,32
315,c000m0315_624506423radlf0000_0682m,16:49:18,16,49,18
315,c000m0315_624506470radlf0000_0683m,16:50:03,16,50,3
315,c000m0315_624506518radlf0000_0684m,16:50:50,16,50,50
315,c000m0315_624506565radlf0000_0685m,16:51:36,16,51,36
315,c000m0315_624506613radlf0000_0686m,16:52:23,16,52,23
315,c000m0315_624506660radlf0000_0687m,16:53:08,16,53,8
315,c000m0315_624506708radlf0000_0688m,16:53:55,16,53,55
315,c000m0315_624506751radlf0000_0689m,16:54:37,16,54,37
315,c000m0315_624509041radlf0000_0830m,17:31:46,17,31,46
316,c000m0316_624561275radlf0000_0200m,7:39:07,7,39,7
316,c000m0316_624582095radlf0000_0461m,13:16:52,13,16,52
317,c000m0317_624682021radlf0000_0461m,16:17:54,16,17,54
318,c000m0318_624771992radlf0000_0830m,16:37:27,16,37,27
318,c000m0318_624772416radlf0000_0675m,16:44:20,16,44,20
318,c000m0318_624772467radlf0000_0676m,16:45:09,16,45,9
318,c000m0318_624772517radlf0000_0677m,16:45:58,16,45,58
318,c000m0318_624772568radlf0000_0678m,16:46:48,16,46,48
318,c000m0318_624772618radlf0000_0679m,16:47:36,16,47,36
318,c000m0318_624772669radlf0000_0680m,16:48:26,16,48,26
318,c000m0318_624772719radlf0000_0681m,16:49:14,16,49,14
318,c000m0318_624772770radlf0000_0682m,16:50:04,16,50,4
318,c000m0318_624772820radlf0000_0683m,16:50:53,16,50,53
318,c000m0318_624772871radlf0000_0684m,16:51:42,16,51,42
318,c000m0318_624772921radlf0000_0685m,16:52:31,16,52,31
318,c000m0318_624772972radlf0000_0686m,16:53:21,16,53,21
318,c000m0318_624773022radlf0000_0687m,16:54:09,16,54,9
318,c000m0318_624773073radlf0000_0688m,16:54:59,16,54,59
318,c000m0318_624773123radlf0000_0689m,16:55:48,16,55,48
318,c000m0318_624775367radlf0000_0830m,17:32:12,17,32,12
319,c000m0319_624843004radlf0000_0467m,11:49:26,11,49,26
319,c000m0319_624843203radlf0000_0469m,11:52:39,11,52,39
319,c000m0319_624848394radlf0000_0461m,13:16:52,13,16,52
319,c000m0319_624859510radlf0000_0200m,16:17:12,16,17,12
319,c000m0319_624863241radlf0000_0200m,17:17:43,17,17,43
320,c000m0320_624915057radlf0000_0200m,7:18:18,7,18,18
320,c000m0320_624948285radlf0000_0461m,16:17:20,16,17,20
321,c000m0321_625025928radlf0000_0461m,13:16:53,13,16,53
322,c000m0322_625109336radlf0000_0465m,11:49:57,11,49,57
322,c000m0322_625109524radlf0000_0467m,11:53:00,11,53,0
322,c000m0322_625109777radlf0000_0469m,11:57:06,11,57,6
322,c000m0322_625127093radlf0000_0830m,16:38:01,16,38,1
322,c000m0322_625127517radlf0000_0675m,16:44:53,16,44,53
322,c000m0322_625127565radlf0000_0676m,16:45:40,16,45,40
322,c000m0322_625127612radlf0000_0677m,16:46:26,16,46,26
322,c000m0322_625127660radlf0000_0678m,16:47:13,16,47,13
322,c000m0322_625127707radlf0000_0679m,16:47:58,16,47,58
322,c000m0322_625127755radlf0000_0680m,16:48:45,16,48,45
322,c000m0322_625127802radlf0000_0681m,16:49:31,16,49,31
322,c000m0322_625127850radlf0000_0682m,16:50:17,16,50,17
322,c000m0322_625127897radlf0000_0683m,16:51:03,16,51,3
322,c000m0322_625127944radlf0000_0684m,16:51:49,16,51,49
322,c000m0322_625127992radlf0000_0685m,16:52:36,16,52,36
322,c000m0322_625128039radlf0000_0686m,16:53:21,16,53,21
322,c000m0322_625128087radlf0000_0687m,16:54:08,16,54,8
322,c000m0322_625128134radlf0000_0688m,16:54:54,16,54,54
322,c000m0322_625128182radlf0000_0689m,16:55:41,16,55,41
322,c000m0322_625129542radlf0000_0830m,17:17:44,17,17,44
323,c000m0323_625184427radlf0000_0200m,8:08:06,8,8,6
323,c000m0323_625214611radlf0000_0461m,16:17:45,16,17,45
324,c000m0324_625292228radlf0000_1200m,13:16:53,13,16,53
324,c000m0324_625292269radlf0000_1400m,13:17:33,13,17,33
324,c000m0324_625292311radlf0000_1300m,13:18:14,13,18,14
324,c000m0324_625303378radlf0000_1200m,16:17:46,16,17,46
324,c000m0324_625303428radlf0000_1400m,16:18:34,16,18,34
324,c000m0324_625303477radlf0000_1300m,16:19:22,16,19,22
325,c000m0325_625378475radlf0000_0830m,12:36:00,12,36,0
325,c000m0325_625380276radlf0000_0830m,13:05:13,13,5,13
325,c000m0325_625389958radlf0000_0471m,15:42:17,15,42,17
325,c000m0325_625390151radlf0000_0473m,15:45:25,15,45,25
325,c000m0325_625390397radlf0000_0469m,15:49:24,15,49,24
325,c000m0325_625395867radlf0000_0830m,17:18:09,17,18,9
326,c000m0326_625480936radlf0000_0461m,16:18:09,16,18,9
327,c000m0327_625558528radlf0000_1200m,13:16:53,13,16,53
327,c000m0327_625558570radlf0000_1400m,13:17:33,13,17,33
327,c000m0327_625558611radlf0000_1300m,13:18:13,13,18,13
328,c000m0328_625658076radlf0000_0461m,16:11:46,16,11,46
329,c000m0329_625747832radlf0000_0471m,16:27:49,16,27,49
329,c000m0329_625748024radlf0000_0473m,16:30:56,16,30,56
329,c000m0329_625748240radlf0000_0469m,16:34:26,16,34,26
331,c000m0331_625924811radlf0000_0461m,16:18:49,16,18,49
332,c000m0332_626001252radlf0000_0471m,12:58:52,12,58,52
332,c000m0332_626001442radlf0000_0473m,13:01:57,13,1,57
332,c000m0332_626001659radlf0000_0469m,13:05:28,13,5,28
332,c000m0332_626014445radlf0000_0200m,16:32:53,16,32,53
333,c000m0333_626102362radlf0000_0461m,16:19:06,16,19,6
334,c000m0334_626173432radlf0000_1200m,11:32:01,11,32,1
334,c000m0334_626173481radlf0000_1400m,11:32:48,11,32,48
334,c000m0334_626173531radlf0000_1300m,11:33:37,11,33,37
334,c000m0334_626176198radlf0000_0461m,12:16:53,12,16,53
335,c000m0335_626266891radlf0000_0800m,12:48:08,12,48,8
335,c000m0335_626267087radlf0000_0801m,12:51:18,12,51,18
335,c000m0335_626267276radlf0000_0465m,12:54:22,12,54,22
335,c000m0335_626267513radlf0000_0469m,12:58:13,12,58,13
335,c000m0335_626267697radlf0000_0471m,13:01:12,13,1,12
335,c000m0335_626279912radlf0000_0200m,16:19:22,16,19,22
335,c000m0335_626280836radlf0000_0830m,16:34:21,16,34,21
335,c000m0335_626281761radlf0000_0830m,16:49:21,16,49,21
335,c000m0335_626283619radlf0000_0200m,17:19:30,17,19,30
336,c000m0336_626338503radlf0000_0200m,8:09:50,8,9,50
336,c000m0336_626368687radlf0000_0461m,16:19:29,16,19,29
337,c000m0337_626442499radlf0000_1200m,12:16:53,12,16,53
337,c000m0337_626442541radlf0000_1400m,12:17:34,12,17,34
337,c000m0337_626442582radlf0000_1300m,12:18:14,12,18,14
338,c000m0338_626546237radlf0000_0461m,16:19:45,16,19,45
339,c000m0339_626618630radlf0000_0465m,11:54:08,11,54,8
339,c000m0339_626618821radlf0000_0469m,11:57:14,11,57,14
339,c000m0339_626631313radlf0000_0200m,15:19:52,15,19,52
339,c000m0339_626635013radlf0000_0200m,16:19:54,16,19,54
339,c000m0339_626638720radlf0000_0461m,17:20:02,17,20,2
340,c000m0340_626693604radlf0000_0200m,8:10:22,8,10,22
340,c000m0340_626723788radlf0000_0461m,16:20:02,16,20,2
341,c000m0341_626794800radlf0000_1200m,11:32:00,11,32,0
341,c000m0341_626794850radlf0000_1400m,11:32:49,11,32,49
341,c000m0341_626794899radlf0000_1300m,11:33:36,11,33,36
341,c000m0341_626797566radlf0000_0461m,12:16:52,12,16,52
342,c000m0342_626884955radlf0000_0467m,11:54:31,11,54,31
342,c000m0342_626885147radlf0000_0469m,11:57:38,11,57,38
342,c000m0342_626897639radlf0000_0200m,15:20:17,15,20,17
342,c000m0342_626901338radlf0000_0200m,16:20:17,16,20,17
342,c000m0342_626905045radlf0000_0461m,17:20:25,17,20,25
343,c000m0343_626959929radlf0000_0200m,8:10:46,8,10,46
343,c000m0343_626990113radlf0000_0461m,16:20:25,16,20,25
344,c000m0344_627063867radlf0000_0461m,12:16:52,12,16,52
346,c000m0346_627257043radlf0000_0830m,16:30:37,16,30,37
346,c000m0346_627260145radlf0000_0830m,17:20:57,17,20,57
347,c000m0347_627315029radlf0000_0200m,8:11:17,8,11,17
347,c000m0347_627345214radlf0000_0461m,16:20:57,16,20,57
348,c000m0348_627415707radlf0000_1200m,11:24:31,11,24,31
348,c000m0348_627415749radlf0000_1400m,11:25:11,11,25,11
348,c000m0348_627415790radlf0000_1300m,11:25:51,11,25,51
348,c000m0348_627418937radlf0000_0461m,12:16:54,12,16,54
349,c000m0349_627520287radlf0000_0467m,15:41:02,15,41,2
349,c000m0349_627520488radlf0000_0469m,15:44:18,15,44,18
349,c000m0349_627524027radlf0000_0830m,16:41:42,16,41,42
349,c000m0349_627526470radlf0000_0830m,17:21:20,17,21,20
350,c000m0350_627581851radlf0000_0200m,8:19:44,8,19,44
350,c000m0350_627612287radlf0000_0461m,16:33:29,16,33,29
351,c000m0351_627685237radlf0000_0461m,12:16:54,12,16,54
352,c000m0352_627771829radlf0000_1200m,11:41:37,11,41,37
352,c000m0352_627771871radlf0000_1400m,11:42:18,11,42,18
352,c000m0352_627771912radlf0000_1300m,11:42:57,11,42,57
352,c000m0352_627774005radlf0000_0461m,12:16:55,12,16,55
353,c000m0353_627862770radlf0000_0461m,12:16:53,12,16,53
353,c000m0353_627863191radlf0000_1200m,12:23:43,12,23,43
353,c000m0353_627863233radlf0000_1400m,12:24:23,12,24,23
353,c000m0353_627863274radlf0000_1300m,12:25:03,12,25,3
353,c000m0353_627864211radlf0000_1200m,12:40:15,12,40,15
353,c000m0353_627864253radlf0000_1400m,12:40:56,12,40,56
353,c000m0353_627864294radlf0000_1300m,12:41:36,12,41,36
353,c000m0353_627865231radlf0000_1200m,12:56:48,12,56,48
353,c000m0353_627865273radlf0000_1400m,12:57:29,12,57,29
353,c000m0353_627865314radlf0000_1300m,12:58:09,12,58,9
353,c000m0353_627866251radlf0000_1200m,13:13:21,13,13,21
353,c000m0353_627866293radlf0000_1400m,13:14:02,13,14,2
353,c000m0353_627866334radlf0000_1300m,13:14:42,13,14,42
354,c000m0354_627949380radlf0000_1200m,11:41:53,11,41,53
354,c000m0354_627949421radlf0000_1400m,11:42:33,11,42,33
354,c000m0354_627949463radlf0000_1300m,11:43:14,11,43,14
354,c000m0354_627951537radlf0000_0461m,12:16:53,12,16,53
355,c000m0355_628055414radlf0000_0461m,16:22:00,16,22,0
356,c000m0356_628126240radlf0000_1200m,11:30:58,11,30,58
356,c000m0356_628126281radlf0000_1400m,11:31:38,11,31,38
356,c000m0356_628126323radlf0000_1300m,11:32:19,11,32,19
356,c000m0356_628128280radlf0000_1200m,12:04:03,12,4,3
356,c000m0356_628128321radlf0000_1400m,12:04:43,12,4,43
356,c000m0356_628128363radlf0000_1300m,12:05:24,12,5,24
356,c000m0356_628129071radlf0000_0461m,12:16:53,12,16,53
356,c000m0356_628129491radlf0000_1200m,12:23:42,12,23,42
356,c000m0356_628129532radlf0000_1400m,12:24:22,12,24,22
356,c000m0356_628129574radlf0000_1300m,12:25:03,12,25,3
356,c000m0356_628130512radlf0000_1200m,12:40:16,12,40,16
356,c000m0356_628130553radlf0000_1400m,12:40:56,12,40,56
356,c000m0356_628130595radlf0000_1300m,12:41:37,12,41,37
358,c000m0358_628321739radlf0000_0461m,16:22:24,16,22,24
359,c000m0359_628393026radlf0000_1200m,11:38:50,11,38,50
359,c000m0359_628393068radlf0000_1400m,11:39:31,11,39,31
359,c000m0359_628393109radlf0000_1300m,11:40:11,11,40,11
359,c000m0359_628394046radlf0000_1200m,11:55:23,11,55,23
359,c000m0359_628394088radlf0000_1400m,11:56:04,11,56,4
359,c000m0359_628394129radlf0000_1300m,11:56:44,11,56,44
359,c000m0359_628395372radlf0000_0461m,12:16:54,12,16,54
360,c000m0360_628499290radlf0000_0461m,16:22:41,16,22,41
361,c000m0361_628571883radlf0000_1200m,12:00:19,12,0,19
361,c000m0361_628571925radlf0000_1400m,12:00:59,12,0,59
361,c000m0361_628571966radlf0000_1300m,12:01:39,12,1,39
361,c000m0361_628572904radlf0000_0461m,12:16:52,12,16,52
361,c000m0361_628576347radlf0000_1200m,13:12:44,13,12,44
361,c000m0361_628576389radlf0000_1400m,13:13:24,13,13,24
361,c000m0361_628576430radlf0000_1300m,13:14:04,13,14,4
362,c000m0362_628676841radlf0000_0461m,16:22:58,16,22,58
363,c000m0363_628750438radlf0000_0461m,12:16:53,12,16,53
363,c000m0363_628750859radlf0000_1200m,12:23:43,12,23,43
363,c000m0363_628750901radlf0000_1400m,12:24:24,12,24,24
363,c000m0363_628750942radlf0000_1300m,12:25:04,12,25,4
363,c000m0363_628751879radlf0000_1200m,12:40:16,12,40,16
363,c000m0363_628751921radlf0000_1400m,12:40:56,12,40,56
363,c000m0363_628751962radlf0000_1300m,12:41:36,12,41,36
363,c000m0363_628752899radlf0000_1200m,12:56:48,12,56,48
363,c000m0363_628752941radlf0000_1400m,12:57:29,12,57,29
363,c000m0363_628752982radlf0000_1300m,12:58:09,12,58,9
363,c000m0363_628753919radlf0000_1200m,13:13:21,13,13,21
363,c000m0363_628753961radlf0000_1400m,13:14:02,13,14,2
363,c000m0363_628754002radlf0000_1300m,13:14:42,13,14,42
364,c000m0364_628854390radlf0000_0461m,16:23:13,16,23,13
365,c000m0365_628927972radlf0000_0461m,12:16:54,12,16,54
365,c000m0365_628930513radlf0000_1200m,12:58:07,12,58,7
365,c000m0365_628930555radlf0000_1400m,12:58:48,12,58,48
365,c000m0365_628930596radlf0000_1300m,12:59:28,12,59,28
366,c000m0366_629033195radlf0000_0830m,16:43:51,16,43,51
366,c000m0366_629035647radlf0000_0830m,17:23:38,17,23,38
367,c000m0367_629090531radlf0000_0200m,8:13:59,8,13,59
367,c000m0367_629104484radlf0000_1200m,12:00:02,12,0,2
367,c000m0367_629104526radlf0000_1400m,12:01:01,12,1,1
367,c000m0367_629104567radlf0000_1300m,12:01:41,12,1,41
367,c000m0367_629105506radlf0000_0461m,12:16:55,12,16,55
368,c000m0368_629209491radlf0000_0461m,16:23:47,16,23,47
369,c000m0369_629280996radlf0000_1200m,11:43:46,11,43,46
369,c000m0369_629281037radlf0000_1400m,11:44:26,11,44,26
369,c000m0369_629281078radlf0000_1300m,11:45:06,11,45,6
369,c000m0369_629282018radlf0000_1200m,12:00:21,12,0,21
369,c000m0369_629282059radlf0000_1400m,12:01:01,12,1,1
369,c000m0369_629282100radlf0000_1300m,12:01:41,12,1,41
369,c000m0369_629283039radlf0000_0461m,12:16:54,12,16,54
370,c000m0370_629387042radlf0000_0461m,16:24:05,16,24,5
371,c000m0371_629459551radlf0000_1200m,12:00:21,12,0,21
371,c000m0371_629459592radlf0000_1400m,12:01:01,12,1,1
371,c000m0371_629459633radlf0000_1300m,12:01:41,12,1,41
371,c000m0371_629460572radlf0000_0461m,12:16:55,12,16,55
372,c000m0372_629564592radlf0000_0461m,16:24:22,16,24,22
373,c000m0373_629638106radlf0000_0461m,12:16:56,12,16,56
373,c000m0373_629653335radlf0000_0830m,16:23:59,16,23,59
373,c000m0373_629657075radlf0000_0830m,17:24:39,17,24,39
374,c000m0374_629711959radlf0000_0200m,8:15:00,8,15,0
374,c000m0374_629742143radlf0000_0461m,16:24:39,16,24,39
375,c000m0375_629813659radlf0000_1200m,11:44:49,11,44,49
375,c000m0375_629813700radlf0000_1400m,11:45:29,11,45,29
375,c000m0375_629813742radlf0000_1300m,11:46:10,11,46,10
375,c000m0375_629815639radlf0000_0461m,12:16:56,12,16,56
376,c000m0376_629919693radlf0000_0461m,16:24:56,16,24,56
377,c000m0377_629990518radlf0000_1200m,11:33:53,11,33,53
377,c000m0377_629990560radlf0000_1400m,11:34:34,11,34,34
377,c000m0377_629990601radlf0000_1300m,11:35:14,11,35,14
377,c000m0377_629993171radlf0000_0461m,12:16:56,12,16,56
378,c000m0378_630097244radlf0000_0461m,16:25:14,16,25,14
379,c000m0379_630169683radlf0000_1200m,12:00:22,12,0,22
379,c000m0379_630169724radlf0000_1400m,12:01:02,12,1,2
379,c000m0379_630169765radlf0000_1300m,12:01:42,12,1,42
379,c000m0379_630170704radlf0000_1200m,12:16:56,12,16,56
379,c000m0379_630170745radlf0000_1400m,12:17:36,12,17,36
379,c000m0379_630170786radlf0000_1300m,12:18:16,12,18,16
380,c000m0380_630259470radlf0000_0461m,12:16:56,12,16,56
380,c000m0380_630274761radlf0000_0830m,16:24:59,16,24,59
380,c000m0380_630277568radlf0000_0830m,17:10:32,17,10,32
381,c000m0381_630333385radlf0000_0200m,8:16:01,8,16,1
381,c000m0381_630363149radlf0000_0461m,16:18:51,16,18,51
382,c000m0382_630435981radlf0000_1200m,12:00:22,12,0,22
382,c000m0382_630436023radlf0000_1400m,12:01:03,12,1,3
382,c000m0382_630436064radlf0000_1300m,12:01:43,12,1,43
382,c000m0382_630437002radlf0000_0461m,12:16:56,12,16,56
383,c000m0383_630541119radlf0000_0461m,16:25:58,16,25,58
385,c000m0385_630702556radlf0000_1200m,12:04:52,12,4,52
385,c000m0385_630702597radlf0000_1400m,12:05:32,12,5,32
385,c000m0385_630702639radlf0000_1300m,12:06:13,12,6,13
385,c000m0385_630718669radlf0000_0461m,16:26:15,16,26,15
386,c000m0386_630791045radlf0000_1200m,12:00:22,12,0,22
386,c000m0386_630791086radlf0000_1400m,12:01:02,12,1,2
386,c000m0386_630791128radlf0000_1300m,12:01:43,12,1,43
386,c000m0386_630792074radlf0000_0461m,12:17:04,12,17,4
387,c000m0387_630896219radlf0000_0461m,16:26:33,16,26,33
388,c000m0388_630969606radlf0000_0461m,12:17:04,12,17,4
388,c000m0388_630970446radlf0000_1200m,12:30:42,12,30,42
388,c000m0388_630970496radlf0000_1400m,12:31:30,12,31,30
388,c000m0388_630970545radlf0000_1300m,12:32:18,12,32,18
388,c000m0388_630984994radlf0000_0461m,16:26:42,16,26,42
389,c000m0389_631073769radlf0000_0461m,16:26:51,16,26,51
390,c000m0390_631146108radlf0000_1200m,12:00:22,12,0,22
390,c000m0390_631146150radlf0000_1400m,12:01:03,12,1,3
390,c000m0390_631146191radlf0000_1300m,12:01:43,12,1,43
390,c000m0390_631147138radlf0000_0461m,12:17:04,12,17,4
390,c000m0390_631162545radlf0000_0461m,16:27:01,16,27,1
391,c000m0391_631251320radlf0000_0461m,16:27:10,16,27,10
392,c000m0392_631323640radlf0000_1200m,12:00:22,12,0,22
392,c000m0392_631323681radlf0000_1400m,12:01:02,12,1,2
392,c000m0392_631323723radlf0000_1300m,12:01:43,12,1,43
392,c000m0392_631324669radlf0000_0461m,12:17:04,12,17,4
394,c000m0394_631501170radlf0000_1200m,12:00:21,12,0,21
394,c000m0394_631501212radlf0000_1400m,12:01:02,12,1,2
394,c000m0394_631501253radlf0000_1300m,12:01:42,12,1,42
394,c000m0394_631502200radlf0000_0461m,12:17:04,12,17,4
394,c000m0394_631517646radlf0000_0461m,16:27:38,16,27,38
396,c000m0396_631678703radlf0000_1200m,12:00:23,12,0,23
396,c000m0396_631678744radlf0000_1400m,12:01:03,12,1,3
396,c000m0396_631678785radlf0000_1300m,12:01:43,12,1,43
396,c000m0396_631679732radlf0000_0461m,12:17:05,12,17,5
396,c000m0396_631695195radlf0000_0461m,16:27:55,16,27,55
398,c000m0398_631856233radlf0000_1200m,12:00:22,12,0,22
398,c000m0398_631856274radlf0000_1400m,12:01:02,12,1,2
398,c000m0398_631856316radlf0000_1300m,12:01:43,12,1,43
398,c000m0398_631857262radlf0000_0461m,12:17:03,12,17,3
398,c000m0398_631872746radlf0000_0461m,16:28:15,16,28,15
399,c000m0399_631961521radlf0000_0461m,16:28:24,16,28,24
400,c000m0400_632033343radlf0000_1200m,11:53:32,11,53,32
400,c000m0400_632033384radlf0000_1400m,11:54:12,11,54,12
400,c000m0400_632033426radlf0000_1300m,11:54:53,11,54,53
400,c000m0400_632034793radlf0000_0461m,12:17:04,12,17,4
400,c000m0400_632045477radlf0000_0471m,15:10:23,15,10,23
400,c000m0400_632045676radlf0000_0473m,15:13:37,15,13,37
400,c000m0400_632045930radlf0000_0469m,15:17:44,15,17,44
400,c000m0400_632053070radlf0000_0830m,17:13:33,17,13,33
401,c000m0401_632108887radlf0000_0200m,8:19:03,8,19,3
401,c000m0401_632139071radlf0000_0461m,16:28:43,16,28,43
402,c000m0402_632210188radlf0000_1200m,11:42:25,11,42,25
402,c000m0402_632210229radlf0000_1400m,11:43:05,11,43,5
402,c000m0402_632210271radlf0000_1300m,11:43:45,11,43,45
402,c000m0402_632212034radlf0000_0461m,12:12:21,12,12,21
403,c000m0403_632316621radlf0000_0461m,16:29:01,16,29,1
404,c000m0404_632387872radlf0000_1200m,11:44:05,11,44,5
404,c000m0404_632387914radlf0000_1400m,11:45:35,11,45,35
404,c000m0404_632387955radlf0000_1300m,11:46:15,11,46,15
404,c000m0404_632388901radlf0000_0461m,12:01:35,12,1,35
405,c000m0405_632494171radlf0000_0461m,16:29:20,16,29,20
406,c000m0406_632567386radlf0000_0461m,12:17:04,12,17,4
406,c000m0406_632568227radlf0000_1200m,12:30:43,12,30,43
406,c000m0406_632568276radlf0000_1400m,12:31:31,12,31,31
406,c000m0406_632568326radlf0000_1300m,12:32:19,12,32,19
407,c000m0407_632671129radlf0000_0830m,16:20:03,16,20,3
407,c000m0407_632674504radlf0000_0830m,17:14:48,17,14,48
408,c000m0408_632730313radlf0000_0461m,8:20:10,8,20,10
408,c000m0408_632760497radlf0000_0461m,16:29:50,16,29,50
409,c000m0409_632833078radlf0000_1200m,12:07:17,12,7,17
409,c000m0409_632833128radlf0000_1400m,12:08:05,12,8,5
409,c000m0409_632833177radlf0000_1300m,12:08:53,12,8,53
410,c000m0410_632938047radlf0000_0461m,16:30:09,16,30,9
411,c000m0411_633010611radlf0000_1200m,12:07:19,12,7,19
411,c000m0411_633010661radlf0000_1400,12:08:08,12,8,8
411,c000m0411_633010710radlf0000_1300m,12:08:56,12,8,56
412,c000m0412_633085413radlf0000_0200m,8:20:48,8,20,48
412,c000m0412_633115597radlf0000_0461m,16:30:28,16,30,28
413,c000m0413_633188742radlf0000_1200m,12:17:04,12,17,4
413,c000m0413_633188791radlf0000_1400m,12:17:51,12,17,51
413,c000m0413_633188841radlf0000_1300m,12:18:40,12,18,40
414,c000m0414_633277508radlf0000_0461m,12:17:05,12,17,5
414,c000m0414_633293410radlf0000_0467m,16:35:03,16,35,3
414,c000m0414_633293601radlf0000_0469m,16:38:09,16,38,9
414,c000m0414_633293988radlf0000_0200m,16:44:25,16,44,25
415,c000m0415_633351739radlf0000_0200m,8:21:18,8,21,18
415,c000m0415_633381922radlf0000_0461m,16:30:56,16,30,56
416,c000m0416_633455038radlf0000_0461m,12:17:04,12,17,4
417,c000m0417_633543803radlf0000_0461m,12:17:04,12,17,4
417,c000m0417_633554268radlf0000_0471m,15:06:50,15,6,50
417,c000m0417_633554460radlf0000_0473m,15:09:57,15,9,57
417,c000m0417_633554662radlf0000_0469m,15:13:14,15,13,14
417,c000m0417_633556835radlf0000_0800m,15:48:29,15,48,29
417,c000m0417_633557034radlf0000_0801m,15:51:43,15,51,43
417,c000m0417_633557225radlf0000_0465m,15:54:49,15,54,49
417,c000m0417_633557473radlf0000_0467m,15:58:50,15,58,50
417,c000m0417_633557669radlf0000_0830m,16:02:01,16,2,1
417,c000m0417_633557864radlf0000_0469m,16:05:11,16,5,11
417,c000m0417_633558102radlf0000_0471m,16:09:02,16,9,2
417,c000m0417_633558302radlf0000_0473m,16:12:17,16,12,17
417,c000m0417_633560973radlf0000_0200m,16:55:37,16,55,37
418,c000m0418_633632707radlf0000_1200m,12:19:19,12,19,19
418,c000m0418_633632757radlf0000_1400m,12:20:08,12,20,8
418,c000m0418_633632806radlf0000_1300m,12:20:56,12,20,56
418,c000m0418_633648248radlf0000_0461m,16:31:26,16,31,26
419,c000m0419_633721333radlf0000_0461m,12:17:04,12,17,4
419,c000m0419_633737023radlf0000_0461m,16:31:36,16,31,36
420,c000m0420_633810099radlf0000_1200m,12:17:05,12,17,5
420,c000m0420_633810149radlf0000_1400m,12:17:53,12,17,53
420,c000m0420_633810198radlf0000_1300m,12:18:41,12,18,41
420,c000m0420_633822449radlf0000_0800m,15:37:26,15,37,26
420,c000m0420_633822654radlf0000_0801m,15:40:45,15,40,45
420,c000m0420_633822852radlf0000_0465m,15:43:58,15,43,58
420,c000m0420_633823100radlf0000_0467m,15:47:59,15,47,59
420,c000m0420_633823302radlf0000_0469m,15:51:16,15,51,16
420,c000m0420_633823548radlf0000_0471m,15:55:15,15,55,15
420,c000m0420_633823746radlf0000_0473m,15:58:28,15,58,28
420,c000m0420_633827298radlf0000_0200m,16:56:05,16,56,5
421,c000m0421_633914573radlf0000_0461m,16:31:55,16,31,55
422,c000m0422_633987629radlf0000_1200m,12:17:04,12,17,4
422,c000m0422_633987678radlf0000_1400m,12:17:52,12,17,52
422,c000m0422_633987728radlf0000_1300m,12:18:41,12,18,41
423,c000m0423_634092124radlf0000_0461m,16:32:15,16,32,15
423,c000m0423_634092544radlf0000_1200m,16:39:04,16,39,4
423,c000m0423_634092593radlf0000_1400m,16:39:52,16,39,52
423,c000m0423_634092643radlf0000_1300,16:40:40,16,40,40
424,c000m0424_634165159radlf0000_1200m,12:17:04,12,17,4
424,c000m0424_634165208radlf0000_1400m,12:17:52,12,17,52
424,c000m0424_634165258radlf0000_1300m,12:18:41,12,18,41
425,c000m0425_634269673radlf0000_0461m,16:32:33,16,32,33
426,c000m0426_634342688radlf0000_1200m,12:17:03,12,17,3
426,c000m0426_634342738radlf0000_1400m,12:17:52,12,17,52
426,c000m0426_634342787radlf0000_1300m,12:18:39,12,18,39
427,c000m0427_634431454radlf0000_0461m,12:17:04,12,17,4
427,c000m0427_634448158radlf0000_0800m,16:48:03,16,48,3
427,c000m0427_634448361radlf0000_0801m,16:51:20,16,51,20
427,c000m0427_634448565radlf0000_0465m,16:54:39,16,54,39
427,c000m0427_634448770radlf0000_0802m,16:57:58,16,57,58
427,c000m0427_634448973radlf0000_0803m,17:01:16,17,1,16
427,c000m0427_634449695radlf0000_0200m,17:12:59,17,12,59
428,c000m0428_634505814radlf0000_0200m,8:23:22,8,23,22
428,c000m0428_634535999radlf0000_0461m,16:33:03,16,33,3
429,c000m0429_634608986radlf0000_1200m,12:17:05,12,17,5
429,c000m0429_634609035radlf0000_1400m,12:17:53,12,17,53
429,c000m0429_634609085radlf0000_1300m,12:18:42,12,18,42
430,c000m0430_634713549radlf0000_0461m,16:33:22,16,33,22
430,c000m0430_634713969radlf0000_1200m,16:40:11,16,40,11
430,c000m0430_634714019radlf0000_1400m,16:41:00,16,41,0
430,c000m0430_634714068radlf0000_1300m,16:41:47,16,41,47
431,c000m0431_634786515radlf0000_1200m,12:17:04,12,17,4
431,c000m0431_634786564radlf0000_1400m,12:17:52,12,17,52
431,c000m0431_634786614radlf0000_1300m,12:18:40,12,18,40
432,c000m0432_634891099radlf0000_0461m,16:33:41,16,33,41
433,c000m0433_634964046radlf0000_1200m,12:17:04,12,17,4
433,c000m0433_634964095radlf0000_1400m,12:17:52,12,17,52
433,c000m0433_634964145radlf0000_1300m,12:18:41,12,18,41
434,c000m0434_635052801radlf0000_0461m,12:16:54,12,16,54
434,c000m0434_635067053radlf0000_0803m,16:08:06,16,8,6
434,c000m0434_635067253radlf0000_0800m,16:11:21,16,11,21
434,c000m0434_635067449radlf0000_0801m,16:14:32,16,14,32
434,c000m0434_635067647radlf0000_0465m,16:17:45,16,17,45
434,c000m0434_635068657radlf0000_0200m,16:34:08,16,34,8
435,c000m0435_635127240radlf0000_0200m,8:24:30,8,24,30
435,c000m0435_635157424radlf0000_0461m,16:34:00,16,34,0
436,c000m0436_635230342radlf0000_1200m,12:17:04,12,17,4
436,c000m0436_635230391radlf0000_1400m,12:17:52,12,17,52
436,c000m0436_635230441radlf0000_1300m,12:18:41,12,18,41
437,c000m0437_635333139radlf0000_1200m,16:04:42,16,4,42
437,c000m0437_635333189radlf0000_1400m,16:05:30,16,5,30
437,c000m0437_635333238radlf0000_1300m,16:06:18,16,6,18
437,c000m0437_635334582radlf0000_0461m,16:28:06,16,28,6
438,c000m0438_635407872radlf0000_1200m,12:17:03,12,17,3
438,c000m0438_635407922radlf0000_1400m,12:17:52,12,17,52
438,c000m0438_635407971radlf0000_1300m,12:18:40,12,18,40
439,c000m0439_635512810radlf0000_0461m,16:39:25,16,39,25
440,c000m0440_635585405radlf0000_1200m,12:17:05,12,17,5
440,c000m0440_635585454radlf0000_1400m,12:17:53,12,17,53
440,c000m0440_635585503radlf0000_1300m,12:18:40,12,18,40
441,c000m0441_635674170radlf0000_0461m,12:17:04,12,17,4
441,c000m0441_635686708radlf0000_0800m,15:40:28,15,40,28
441,c000m0441_635686904radlf0000_0801m,15:43:39,15,43,39
441,c000m0441_635687100radlf0000_0465m,15:46:50,15,46,50
441,c000m0441_635689150radlf0000_0200m,16:20:05,16,20,5
442,c000m0442_635748667radlf0000_0200m,8:25:36,8,25,36
442,c000m0442_635778849radlf0000_0461m,16:35:14,16,35,14
443,c000m0443_635851701radlf0000_1200m,12:17:04,12,17,4
443,c000m0443_635851750radlf0000_1400m,12:17:52,12,17,52
443,c000m0443_635851800radlf0000_1300m,12:18:40,12,18,40
444,c000m0444_635954957radlf0000_1200m,16:12:08,16,12,8
444,c000m0444_635955007radlf0000_1400m,16:12:57,16,12,57
444,c000m0444_635955056radlf0000_1300m,16:13:44,16,13,44
444,c000m0444_635956400radlf0000_0461m,16:35:33,16,35,33
445,c000m0445_636029233radlf0000_1200m,12:17:04,12,17,4
445,c000m0445_636029282radlf0000_1400m,12:17:52,12,17,52
445,c000m0445_636029332radlf0000_1300m,12:18:41,12,18,41
446,c000m0446_636133951radlf0000_0461m,16:35:51,16,35,51
447,c000m0447_636206765radlf0000_1200m,12:17:05,12,17,5
447,c000m0447_636206814radlf0000_1400m,12:17:52,12,17,52
447,c000m0447_636206864radlf0000_1300m,12:18:41,12,18,41
448,c000m0448_636295531radlf0000_0461m,12:17:05,12,17,5
448,c000m0448_636309892radlf0000_0800m,16:10:03,16,10,3
448,c000m0448_636310096radlf0000_0801m,16:13:21,16,13,21
448,c000m0448_636310300radlf0000_0465m,16:16:40,16,16,40
448,c000m0448_636310504radlf0000_0802m,16:19:58,16,19,58
448,c000m0448_636310708radlf0000_0803m,16:23:17,16,23,17
448,c000m0448_636310817radlf0000_0804m,16:25:03,16,25,3
448,c000m0448_636311502radlf0000_0200m,16:36:10,16,36,10
449,c000m0449_636370092radlf0000_0200m,8:26:38,8,26,38
449,c000m0449_636400275radlf0000_0461m,16:36:16,16,36,16
450,c000m0450_636473063radlf0000_1200m,12:17:04,12,17,4
450,c000m0450_636473113radlf0000_1400m,12:17:53,12,17,53
450,c000m0450_636473162radlf0000_1300m,12:18:41,12,18,41
451,c000m0451_636576383radlf0000_1200m,16:13:10,16,13,10
451,c000m0451_636576433radlf0000_1400m,16:13:59,16,13,59
451,c000m0451_636576482radlf0000_1300m,16:14:46,16,14,46
451,c000m0451_636577825radlf0000_0461m,16:36:33,16,36,33
452,c000m0452_636650596radlf0000_1200m,12:17:05,12,17,5
452,c000m0452_636650645radlf0000_1400m,12:17:52,12,17,52
452,c000m0452_636650695radlf0000_1300m,12:18:41,12,18,41
453,C000M0453_636755376EDR_F0000_0461M2,12:17:04,12,17,4
454,C000M0454_636828128EDR_F0000_0461M2,16:01:48,16,1,48
,C000M0454_636841982EDR_F0000_0801M2,16:05:13,16,5,13
,C000M0454_636842192EDR_F0000_0465M2,16:36:59,16,36,59
,C000M0454_636844151EDR_F0000_0830M2,16:36:59,16,36,59
455,C000M0455_636902742EDR_F0000_0200M2,8:27:28,8,27,28
,C000M0455_636916919EDR_F0000_0830M2,12:17:27,12,17,27
,C000M0455_636932926EDR_F0000_0461M2,16:37:07,16,37,7
456,C000M0456_637006457EDR_F0000_1200M2,12:29:58,12,29,58
,C000M0456_637006506EDR_F0000_1400M2,12:30:46,12,30,46
,C000M0456_637006556EDR_F0000_1300M2,12:31:34,12,31,34
457,C000M0457_637109033EDR_F0000_1200M2,16:13:59,16,13,59
,C000M0457_637109083EDR_F0000_1400M2,16:14:48,16,14,48
,C000M0457_637109132EDR_F0000_1300M2,16:15:35,16,15,35
,C000M0457_637110476EDR_F0000_0461M2,16:37:23,16,37,23
458,C000M0458_637183368EDR_F0000_1200M2,12:19:52,12,19,52
,C000M0458_637183417EDR_F0000_1400M2,12:20:39,12,20,39
,C000M0458_637183467EDR_F0000_1300M2,12:21:28,12,21,28
,C000M0458_637197509EDR_F0000_0830M2,16:09:16,16,9,16
459,C000M0459_637257842EDR_F0000_0200M2,8:28:00,8,28,0
,C000M0459_637271987EDR_F0000_0830M2,12:17:28,12,17,28
,C000M0459_637288026EDR_F0000_0461M2,16:37:39,16,37,39
460,C000M0460_637360729EDR_F0000_1200M2,12:17:03,12,17,3
,C000M0460_637360779EDR_F0000_1400M2,12:17:52,12,17,52
,C000M0460_637360828EDR_F0000_1300M2,12:18:40,12,18,40
461,C000M0461_637449554EDR_F0000_0461M2,12:17:59,12,17,59
462,C000M0462_637524167EDR_F0000_0200M2,8:28:22,8,28,22
,C000M0462_637538264EDR_F0000_0830M2,12:17:03,12,17,3
,C000M0462_637554352EDR_F0000_0461M2,16:38:02,16,38,2
463,C000M0463_637627033EDR_F0000_1200M2,12:17:05,12,17,5
,C000M0463_637627082EDR_F0000_1400M2,12:17:53,12,17,53
,C000M0463_637627132EDR_F0000_1300M2,12:18:41,12,18,41
464,C000M0464_637730459EDR_F0000_1200M2,16:14:52,16,14,52
,C000M0464_637730508EDR_F0000_1400M2,16:15:40,16,15,40
,C000M0464_637730558EDR_F0000_1300M2,16:16:29,16,16,29
,C000M0464_637731902EDR_F0000_0461M2,16:38:17,16,38,17
465,c000m0465_637804568radlf0000_1200m,12:17:04,12,17,4
465,c000m0465_637804618radlf0000_1400m,12:17:53,12,17,53
465,c000m0465_637804667radlf0000_1300m,12:18:41,12,18,41
466,c000m0466_637879268radlf0000_0200m,8:28:52,8,28,52
466,c000m0466_637893336radlf0000_0830m,12:17:05,12,17,5
466,c000m0466_637909452radlf0000_0461m,16:38:31,16,38,31
467,c000m0467_637982104radlf0000_1200m,12:17:05,12,17,5
467,c000m0467_637982153radlf0000_1400m,12:17:52,12,17,52
467,c000m0467_637982202radlf0000_1300m,12:18:40,12,18,40
468,c000m0468_638070871radlf0000_0461m,12:17:03,12,17,3
468,c000m0468_638085113radlf0000_0467m,16:08:05,16,8,5
468,c000m0468_638085313radlf0000_0469m,16:11:20,16,11,20
468,c000m0468_638085552radlf0000_0465m,16:15:13,16,15,13
468,c000m0468_638085750radlf0000_0928m,16:18:25,16,18,25
468,c000m0468_638085954radlf0000_0800m,16:21:04,16,21,4
468,c000m0468_638087002radlf0000_0830m,16:38:44,16,38,44
469,c000m0469_638145593radlf0000_0200m,8:29:12,8,29,12
469,c000m0469_638159640radlf0000_0830m,12:17:04,12,17,4
469,c000m0469_638175777radlf0000_0461m,16:38:50,16,38,50
470,c000m0470_638248408radlf0000_1200m,12:17:03,12,17,3
470,c000m0470_638248458radlf0000_1400m,12:17:52,12,17,52
470,c000m0470_638248507radlf0000_1300m,12:18:40,12,18,40
471,c000m0471_638351885radlf0000_1200m,16:15:39,16,15,39
471,c000m0471_638351934radlf0000_1400m,16:16:27,16,16,27
471,c000m0471_638351984radlf0000_1300m,16:17:16,16,17,16
471,c000m0471_638353327radlf0000_0461m,16:39:03,16,39,3
472,c000m0472_638425946radlf0000_1200m,12:17:04,12,17,4
472,c000m0472_638425996radlf0000_1400m,12:17:53,12,17,53
472,c000m0472_638426045radlf0000_1300m,12:18:40,12,18,40
472,c000m0472_638440393radlf0000_0830m,16:11:25,16,11,25
472,c000m0472_638442103radlf0000_0830m,16:39:10,16,39,10
473,c000m0473_638500694radlf0000_0200m,8:29:37,8,29,37
473,c000m0473_638514716radlf0000_0830m,12:17:05,12,17,5
473,c000m0473_638530877radlf0000_0461m,16:39:15,16,39,15
474,c000m0474_638603485radlf0000_1200m,12:17:05,12,17,5
474,c000m0474_638603534radlf0000_1400m,12:17:52,12,17,52
474,c000m0474_638603584radlf0000_1300m,12:18:41,12,18,41
476,c000m0476_638797203radlf0000_0200m,16:39:32,16,39,32
