sol, median_wind, 0_median_wind, 0_hour_fraction, 1_median_wind, 1_hour_fraction, 2_median_wind, 2_hour_fraction, 3_median_wind, 3_hour_fraction, 4_median_wind, 4_hour_fraction, 5_median_wind, 5_hour_fraction, 6_median_wind, 6_hour_fraction, 7_median_wind, 7_hour_fraction, 8_median_wind, 8_hour_fraction, 9_median_wind, 9_hour_fraction, 10_median_wind, 10_hour_fraction, 11_median_wind, 11_hour_fraction, 12_median_wind, 12_hour_fraction, 13_median_wind, 13_hour_fraction, 14_median_wind, 14_hour_fraction, 15_median_wind, 15_hour_fraction, 16_median_wind, 16_hour_fraction, 17_median_wind, 17_hour_fraction, 18_median_wind, 18_hour_fraction, 19_median_wind, 19_hour_fraction, 20_median_wind, 20_hour_fraction, 21_median_wind, 21_hour_fraction, 22_median_wind, 22_hour_fraction, 23_median_wind, 23_hour_fraction
14, 8.817, , , , , , , , , , , , , , , , , , , , , 10.521, 0.126389, 10.333, 0.999444, 9.115, 0.999444, 9.0175, 0.999444, 9.5525, 0.999444, 9.581, 0.999444, 8.9805, 0.999444, 6.722, 0.999444, 6.338, 0.214167, , , , , , , , , , 
15, 4.956, 5.673, 0.961944, , , , , , , 3.994, 0.354167, 4.097, 0.388611, , , 5.105, 0.593889, 6.857, 0.994167, 4.9945, 0.998889, 4.192, 0.999444, 4.331, 0.998889, 5.279, 0.994444, 5.922, 0.999444, 6.4565, 0.999444, 6.571, 0.999444, 5.468, 0.999722, 4.917, 0.999722, 3.665, 0.999444, 2.9405, 0.999444, 3.038, 0.924167, , , , , 6.1625, 0.753056
16, 6.226, 5.794, 0.999444, 5.3455, 0.239444, , , , , , , 4.321, 0.540556, 4.3385, 0.760556, 6.248, 0.401111, 9.003, 0.8, 5.598, 0.999444, 4.834, 0.999444, 5.4985, 0.999444, 8.108, 0.999444, 7.95, 0.999444, 7.3745, 0.999444, 8.765, 0.999444, 7.768, 0.999444, 5.961, 0.999722, 6.221, 0.275833, , , , , , , , , 6.3705, 0.764722
17, 6.081, 6.683, 0.999444, 6.654, 0.999444, 6.969, 0.0844444, , , , , 4.796, 0.765556, 4.2135, 0.999444, 5.1135, 0.999444, 5.975, 0.416111, 6.0725, 0.766389, 5.261, 0.999444, 6.444, 0.999444, 6.309, 0.999444, 7.048, 0.999444, 7.546, 0.999722, 6.8705, 0.999444, 5.764, 0.999444, 4.759, 0.999444, 6.0495, 0.326944, , , , , 6.538, 0.430278, 6.477, 0.999167, 7.165, 0.999722
18, 5.625, 5.482, 0.915556, , , , , , , , , 4.523, 0.937778, 4.791, 0.999444, 6.04, 0.998056, 6.5785, 0.999722, 5.392, 0.998333, 5.107, 0.999444, 6.396, 0.999444, 6.2355, 0.999444, 6.895, 0.999444, 6.672, 0.999444, 8.618, 0.999444, 6.4205, 0.999167, 4.983, 0.999444, 4.614, 0.999444, 5.3135, 0.999444, 6.731, 0.223611, , , , , 6.281, 0.769722
19, 7.804, 8.067, 0.999444, 7.8695, 0.999444, 7.925, 0.999444, 8.027, 0.999444, 9.287, 0.999444, 5.992, 0.999722, 4.917, 0.999444, 5.536, 0.999444, 10.98, 0.999444, 9.724, 0.999444, 8.609, 0.999444, 8.775, 0.999444, 10.0665, 0.999444, 9.397, 0.999167, 9.872, 0.999444, 10.3265, 0.999444, 8.676, 0.999444, 6.313, 0.999444, 5.135, 0.999722, 5.5945, 0.999722, 7.1855, 0.999444, 7.626, 0.999444, 7.088, 0.999444, 8.5205, 0.999167
20, 5.57, , , , , , , , , 4.258, 0.581111, 3.857, 0.999444, 3.255, 0.999722, 4.877, 0.999722, 5.838, 0.999444, 4.2145, 0.999444, 4.769, 0.999167, 5.4355, 0.999444, 5.557, 0.999444, 6.6495, 0.999722, 6.998, 0.999444, 7.531, 0.999444, 7.384, 0.999444, 5.7335, 0.381111, 4.1405, 0.700556, 3.61, 0.999444, 6.26, 0.999444, 6.888, 0.999444, 7.235, 0.999444, 6.027, 0.685278
21, 7.717, 6.712, 0.379444, , , , , , , , , 8.0335, 0.786111, 4.532, 0.999444, 5.238, 0.999444, 9.2575, 0.999444, 8.299, 0.999722, 7.431, 0.999722, 8.889, 0.999444, 9.3395, 0.999444, 9.912, 0.999444, 9.658, 0.999444, 11.043, 0.999167, 9.071, 0.999444, 6.627, 0.999444, 6.1395, 0.209167, , , , , , , 7.344, 0.790278, 7.212, 0.999444
22, 5.5985, 5.582, 0.999167, 5.015, 0.808056, , , , , 4.8405, 0.191389, 4.965, 0.999722, 4.825, 0.999722, 5.95, 0.999444, 6.633, 0.999444, 6.5045, 0.999444, 5.305, 0.999444, 5.456, 0.999167, 5.755, 0.983611, 5.48, 0.9925, 7.618, 0.559444, , , , , , , , , , , , , , , , , 7.0905, 0.790833
23, 0, 0, 0.999444, 0, 0.999444, 0, 0.999444, 0, 0.999167, 0, 0.999444, 0, 0.999444, 0, 0.999444, 0, 0.999444, 0, 0.999722, 0, 0.999444, 0, 0.999444, 0, 0.999444, 0, 0.999444, 0, 0.999167, 0, 0.999444, 0, 0.999444, 0, 0.999444, 0, 0.999722, 0, 0.999444, 0, 0.999444, 0, 0.999444, 0, 0.999167, 0, 0.999444, 0, 0.999722
24, 7.202, , , , , , , , , , , , , , , , , , , 8.99, 0.848333, 8.455, 0.999444, 7.5785, 0.999444, 8.575, 0.999444, 9.282, 0.999167, 9.335, 0.999444, 10.257, 0.999444, 7.968, 0.999444, 6.139, 0.999722, 4.693, 0.999444, 3.762, 0.999444, 6.135, 0.696944, , , , , , 
25, 4.607, 5.564, 0.0794444, , , , , 4.545, 0.186389, 5.1, 0.999167, 4.004, 0.999444, 3.634, 0.999444, 2.2965, 0.999722, 4.96, 0.999722, 2.908, 0.999444, 3.219, 0.999444, 4.791, 0.999167, 5.0285, 0.999444, 5.525, 0.999444, 6.2755, 0.999444, 6.445, 0.999722, 5.3875, 0.999444, 5.266, 0.999444, 4.466, 0.999167, 3.389, 0.999444, 5.3705, 0.6925, , , , , 6.039, 0.804167
26, 7.027, 6.361, 0.408333, , , , , , , , , 5.4925, 0.890833, 5.3385, 0.999444, 5.882, 0.999167, 10.606, 0.999444, 7.393, 0.999444, 7.104, 0.999722, 7.461, 0.999444, 8.832, 0.999444, 9.076, 0.999444, 9.316, 0.999167, 10, 0.999444, 8.609, 0.999444, 6.613, 0.999722, 6.116, 0.999444, 5.766, 0.588056, , , , , 7.415, 0.810278, 6.832, 0.999722
27, 5.384, , , , , , , , , 4.896, 0.561667, 4.507, 0.999722, 4.545, 0.999444, 5.036, 0.998889, 6.133, 0.999167, 6.0855, 0.999444, 5.399, 0.999444, 5.287, 0.999722, 5.209, 0.999444, 5.83, 0.999444, 6.503, 0.999167, 7.835, 0.999444, 6.586, 0.999444, 5.046, 0.999722, 3.736, 0.999444, 3.359, 0.999444, 5.047, 0.999167, 6.526, 0.999444, 7.1945, 0.999722, 6.352, 0.638056
28, 6.332, 6.072, 0.683333, , , , , , , 4.5745, 0.6325, 4.2575, 0.999444, 3.9805, 0.999444, 5.048, 0.999167, 8.736, 0.999444, 7.011, 0.999444, 7.094, 0.999722, 7.133, 0.999444, 8.1055, 0.999444, 9.105, 0.999167, 10.287, 0.999444, 9.952, 0.999444, 8.992, 0.999722, 6.156, 0.999444, 5.2555, 0.999167, 5.152, 0.380556, , , , , , , 6.134, 0.8175
29, 7.06, 7.563, 0.999167, 8.093, 0.999444, 7.867, 0.999722, 8.1515, 0.999722, 9.192, 0.999444, 5.779, 0.999167, 6.3555, 0.999444, 7.489, 0.999444, 12.5175, 0.999722, 10.9395, 0.999444, 8.813, 0.999444, 7.164, 0.999167, 6.462, 0.999444, 6.742, 0.999722, 6.676, 0.999444, 7.136, 0.999444, 5.567, 0.999167, 4.631, 0.999444, 3.978, 0.999722, 2.93, 0.999444, 5.772, 0.999444, 7.0415, 0.999167, 6.864, 0.999444, 7.786, 0.999722
30, 6.074, 5.956, 0.875556, , , , , , , , , , , , , , , , , , , , , , , , , , , , , , , , , , , , , , , , , , , , , 6.21, 0.825
32, 4.916, , , , , , , , , , , , , , , 6.352, 0.173056, 6.875, 0.997222, 3.069, 0.994722, 3.36, 0.997222, 3.73, 0.994722, 4.766, 0.994722, 5.326, 0.994722, 6.452, 0.991944, 5.524, 0.9975, 4.528, 0.9975, 4.601, 0.997222, 3.893, 0.9975, 3.051, 0.997222, 4.231, 0.9975, 6.1055, 0.997222, 6.928, 0.9975, 6.84, 0.162222
33, 7.901, 6.1805, 0.9975, 6.894, 0.9975, 8.004, 0.9975, 8.4485, 0.9975, 9.0905, 0.997222, 5.073, 0.9975, 4.928, 0.997222, 6.065, 0.994722, 11.1755, 0.9975, 8.37, 0.9975, 7.856, 0.997222, 9.08, 0.9975, 8.804, 0.997222, 9.35, 0.9975, 10.432, 0.997222, 11.0785, 0.9975, 10.286, 0.9975, 7.5675, 0.9975, 6.369, 0.9975, 6.631, 0.9975, 8.559, 0.9975, 9.3975, 0.9975, 8.499, 0.9975, 6.8145, 0.996944
34, 6.7325, 8.172, 0.9975, 9.348, 0.997222, 8.631, 0.9975, 8.193, 0.997222, 8.68, 0.994722, 5.9245, 0.9975, 5.959, 0.9975, 5.284, 0.9975, 8.002, 0.9975, 8.2935, 0.997222, 5.927, 0.9975, 4.953, 0.997222, 6.03, 0.9975, 6.117, 0.997222, 6.9135, 0.9975, 6.485, 0.997222, 5.911, 0.9975, 4.5615, 0.997222, 4.4655, 0.9975, 3.613, 0.997222, 5.117, 0.9975, 6.865, 0.997222, 7.163, 0.9975, 8.197, 0.996944
35, 5.827, 6.017, 0.994722, 5.505, 0.9975, 7.027, 0.9975, 7.59, 0.9975, 7.0065, 0.9975, 4.966, 0.997222, 4.3695, 0.9975, 5.0165, 0.997222, 6.045, 0.9975, 2.467, 0.991944, 3.0035, 0.994722, 4.791, 0.997222, 5.004, 0.9975, 6.833, 0.997222, 6.528, 0.9975, 6.179, 0.997222, 5.5725, 0.9975, 5.672, 0.997222, 4.963, 0.9975, 5.078, 0.994722, 6.416, 0.997222, 7.424, 0.9975, 7.2215, 0.997222, 6.644, 0.999444
36, 4.616, 5.203, 0.491944, , , 8.638, 0.167778, 8.785, 0.9975, 8.3775, 0.159444, 3.889, 0.835278, 1.948, 0.9975, 4.813, 0.9975, 7.925, 0.9975, 5.557, 0.9975, 4.065, 0.9975, 4.37, 0.9975, 4.86, 0.992222, 5.796, 0.9975, 5.575, 0.994722, 5.411, 0.9975, 3.507, 0.9975, 4.396, 0.9975, 3.412, 0.9975, 3.261, 0.9975, 3.7985, 0.9975, 3.815, 0.9975, 6.305, 0.997222, 5.9725, 0.996667
37, 5.4655, 4.802, 0.656667, , , , , , , 6.832, 0.838056, 4.744, 0.9975, 4.9655, 0.9975, 5.8195, 0.9975, 6.671, 0.994722, 4.4395, 0.9975, 3.856, 0.9975, 3.149, 0.429722, , , 5.578, 0.959722, 6.2235, 0.997222, 6.609, 0.9975, 7.2645, 0.9975, 5.5295, 0.9975, 5.1585, 0.9975, 4.411, 0.986667, , , 8.842, 0.0380556, 8.43, 0.9975, 5.18, 0.998333
38, 7.413, 7.7645, 0.997222, 7.034, 0.9975, 7.6275, 0.997222, 8.1135, 0.9975, 9.155, 0.9975, 6.682, 0.9975, 5.096, 0.9975, 6.158, 0.9975, 9.538, 0.9975, 10.504, 0.997222, 8.311, 0.9975, 8.513, 0.994722, 7.343, 0.9975, 8.9285, 0.994722, 9.248, 0.997222, 8.675, 0.9975, 7.88, 0.9975, 5.676, 0.9975, 3.953, 0.9975, 4.1295, 0.997222, 6.936, 0.9975, 7.424, 0.9975, 7.002, 0.9975, 8.165, 0.996389
39, 5.853, 6.942, 0.997222, 8.0985, 0.9975, 9.0385, 0.9975, 7.8295, 0.9975, 6.0895, 0.9975, 5.627, 0.9975, 4.857, 0.994722, 5.7965, 0.9975, 7.365, 0.9975, 6.87, 0.9975, 6.025, 0.997222, 4.605, 0.9975, 5.678, 0.9975, 5.4865, 0.9975, 5.985, 0.9975, 6.115, 0.9975, 4.3675, 0.9975, 2.8865, 0.9975, 2.544, 0.997222, 3.2185, 0.9975, 3.819, 0.9975, 5.203, 0.9975, 6.29, 0.994722, 6.519, 0.998889
40, 5.851, 5.3795, 0.997222, 6.033, 0.9975, 8.32, 0.9975, 8.7275, 0.9975, 9.1665, 0.9975, 5.391, 0.9975, 5.021, 0.9975, 6.367, 0.9975, 7.737, 0.9975, 7.036, 0.9975, 5.235, 0.9975, 5.197, 0.9975, 5.9225, 0.995, 6.142, 0.999722, 6.303, 0.994722, 6.556, 0.9975, 5.1405, 0.9975, 4.733, 0.9975, 3.5245, 0.9975, 3.373, 0.997222, 3.634, 0.9975, 5.883, 0.9975, 6.1835, 0.9975, 6.171, 0.996111
41, 5.4045, 6.095, 0.9975, 7.112, 0.9975, 8.7345, 0.9975, 9.2885, 0.997222, 6.6275, 0.9975, 5.5465, 0.994722, 5.322, 0.9975, 5.733, 0.9975, 6.872, 0.9975, 3.18, 0.998056, 3.811, 0.9975, 5.044, 0.9975, 5.736, 0.9975, 5.5885, 0.9975, 5.5355, 0.997222, 5.628, 0.9975, 4.164, 0.996667, 2.511, 0.9975, 3.2125, 0.9975, 3.302, 0.9975, 4.1305, 0.997222, 4.715, 0.994722, 6.308, 0.9975, 5.818, 0.998611
42, 5.4125, 4.931, 0.9975, 5.743, 0.9975, 5.774, 0.9975, 6.567, 0.9975, 5.014, 0.9975, 4.9765, 0.9975, 5.1935, 0.9975, 6.543, 0.989444, 5.539, 0.997222, 4.8075, 0.9975, 5.5295, 0.994722, 5.259, 0.9975, 5.798, 0.994722, 4.971, 0.9975, 6.2615, 0.9975, 4.813, 0.9975, 3.436, 0.9975, 3.1205, 0.9975, 5.0695, 0.9975, 5.218, 0.9975, 6.232, 0.9975, 6.7395, 0.9975, 5.8785, 0.9975, 5.038, 0.995833
43, 4.742, 5.087, 0.9975, 7.059, 0.9975, 8.909, 0.994722, 8.3315, 0.9975, 5.126, 0.9975, 4.7125, 0.9975, 4.6985, 0.9975, 5.3825, 0.9975, 2.318, 0.9975, 4.37, 0.9975, 5.394, 0.9975, 6.16, 0.9975, 5.93, 0.9975, 5.302, 0.9975, 6.882, 0.9975, 4.69, 0.9975, 3.5015, 0.9975, 3.896, 0.994722, 4.53, 0.9975, 3.775, 0.9975, 4.2245, 0.9975, 3.7355, 0.9975, 3.641, 0.9975, 5.0805, 0.998333
44, 4.644, 5.7995, 0.9975, 4.098, 0.9975, 3.994, 0.9975, 4.098, 0.9975, 3.8795, 0.9975, 4.05, 0.995833, 3.0925, 0.9975, 5.555, 0.9975, 7.3795, 0.9975, 8.483, 0.9975, 8.969, 0.9975, 9.0615, 0.9975, 9.406, 0.9975, 9.316, 0.9975, 10.112, 0.9975, 8.821, 0.994722, 5.489, 0.9975, 2.186, 0.999167, 2.397, 0.9975, 3.573, 0.9975, 3.5345, 0.9975, 3.792, 0.994722, 3.914, 0.9975, 4.664, 0.998333
45, 4.8185, 5.6075, 0.9975, 4.361, 0.9975, 4.309, 0.9975, 4.22, 0.9975, 4.0995, 0.997222, 3.524, 0.9975, 3.251, 0.996111, 6.071, 0.9975, 8.427, 0.9975, 10.2195, 0.9975, 9.937, 0.9975, 9.6925, 0.9975, 9.101, 0.9975, 9.886, 0.9975, 9.106, 0.9975, 9.5085, 0.9975, 5.635, 0.9975, 2.143, 0.996111, 1.866, 0.9975, 2.996, 0.9975, 3.865, 0.9975, 3.721, 0.9975, 3.794, 0.9975, 5.066, 0.995556
46, 4.4825, 5.569, 0.994722, 3.938, 0.9975, 3.664, 0.9975, 3.5045, 0.9975, 3.023, 0.9975, 3.274, 0.998889, 4.388, 0.994722, 7.3165, 0.9975, 11.793, 0.9975, 12.809, 0.9975, 12.646, 0.9975, 12.574, 0.9975, 10.8215, 0.9975, 9.8695, 0.9975, 8.166, 0.9975, 9.1095, 0.9975, 5.6305, 0.996111, 1.0065, 0.9975, 2.4185, 0.9975, 3.8965, 0.997778, 4.138, 0.9975, 3.7465, 0.9975, 3.142, 0.9975, 4.1035, 0.997778
47, 4.335, 4.6525, 0.9975, 4.1245, 0.9975, 3.853, 0.994722, 4.134, 0.9975, 4.805, 0.9975, 3.6, 0.9975, 2.76, 0.9975, 4.844, 0.997222, 8.5535, 0.9975, 9.151, 0.9975, 9.4345, 0.9975, 9.341, 0.9975, 8.783, 0.9975, 7.466, 0.9975, 7.306, 0.9975, 6.011, 0.9975, 3.316, 0.995, 3.02, 0.9975, 3.6535, 0.9975, 3.4815, 0.9975, 3.865, 0.9975, 3.793, 0.9975, 3.228, 0.9975, 3.951, 0.998056
48, 4.738, 5.0335, 0.9975, 5.297, 0.9975, 4.554, 0.9975, 4.944, 0.9975, 4.11, 0.994722, 3.9435, 0.9975, 3.917, 0.9975, 4.09, 0.997222, 8.624, 0.9975, 10.3335, 0.9975, 9.905, 0.9975, 9.032, 0.9975, 7.131, 0.996111, 7.1475, 0.997778, 6.0415, 0.9975, 3.494, 0.9975, 1.331, 0.998611, 4.081, 0.997778, 3.9665, 0.9975, 3.576, 0.994722, 4.4875, 0.9975, 3.7765, 0.9975, 6.184, 0.9975, 3.469, 0.998056
49, 5.294, 3.592, 0.9975, 4.358, 0.9975, 5.296, 0.9975, 6.0825, 0.9975, 5.753, 0.9975, 4.107, 0.9975, 3.836, 0.9975, 3.0535, 0.994722, 7.3, 0.9975, 8.341, 0.9975, 8.143, 0.9975, 7.531, 0.9975, 6.994, 0.9975, 5.441, 0.994722, 5.155, 0.995, 5.769, 0.997778, 6.495, 0.9975, 5.713, 0.9975, 5.572, 0.9975, 5.389, 0.994722, 5.363, 0.9975, 5.507, 0.9975, 4.0275, 0.997778, 3.202, 0.997778
50, 5.185, 5.146, 0.9975, 5.728, 0.9975, 7.235, 0.9975, 8.7725, 0.997778, 5.219, 0.9975, 4.944, 0.9975, 4.3675, 0.9975, 4.147, 0.994722, 4.9745, 0.9975, 2.656, 0.9975, 3.4155, 0.9975, 3.722, 0.9975, 5.109, 0.9975, 4.152, 0.9975, 5.831, 0.9975, 8.6855, 0.9975, 7.602, 0.9975, 6.229, 0.9975, 4.57, 0.9975, 4.42, 0.994722, 5.4035, 0.9975, 5.591, 0.9975, 4.994, 0.9975, 4.5885, 0.9975
51, 4.1495, 4.6205, 0.9975, 6.019, 0.9975, 6.921, 0.9975, 4.929, 0.9975, 4.886, 0.9975, 4.211, 0.9975, 3.211, 0.9975, 1.195, 0.994722, 2.5815, 0.9975, 5.2075, 0.9975, 6.3395, 0.9975, 6.5575, 0.997778, 4.464, 0.9975, 3.86, 0.9975, 3.805, 0.9975, 3.179, 0.9975, 3.476, 0.9975, 4.193, 0.997778, 3.944, 0.9975, 2.46, 0.995, 3.224, 0.9975, 3.1625, 0.9975, 4.0585, 0.9975, 4.744, 0.997222
52, 4.143, 4.655, 0.9975, 5.4195, 0.9975, 6.1765, 0.997778, 5.1445, 0.9975, 3.9765, 0.9975, 3.894, 0.9975, 3.139, 0.994722, 1.008, 0.9975, 3.9255, 0.9975, 7.801, 0.9975, 7.8215, 0.9975, 6.7965, 0.9975, 5.435, 0.9975, 5.2925, 0.9975, 4.975, 0.9975, 4.2195, 0.9975, 3.674, 0.997778, 2.334, 0.9975, 2.124, 0.995, 2.626, 0.997778, 3.25, 0.9975, 3.8095, 0.9975, 3.953, 0.9975, 4.6245, 0.997222
53, 4.299, 5.4475, 0.9975, 5.91, 0.9975, 7.088, 0.997778, 4.769, 0.9975, 4.856, 0.9975, 4.351, 0.994722, 3.639, 0.9975, 4.1865, 0.9975, 2.003, 0.9975, 4.5255, 0.9975, 5.4385, 0.9975, 5.3555, 0.997778, 4.865, 0.9975, 4.794, 0.9975, 4.895, 0.9975, 5.266, 0.9975, 4.368, 0.994722, 2.396, 0.9975, 2.05, 0.9975, 2.038, 0.9975, 3.179, 0.9975, 3.669, 0.9975, 4.072, 0.9975, 5.091, 0.997222
54, 4.292, 5.8085, 0.9975, 7.065, 0.9975, 5.8125, 0.9975, 4.613, 0.994722, 4.495, 0.9975, 4.453, 0.9975, 3.994, 0.9975, 4.258, 0.9975, 1.38, 0.996389, 3.476, 0.9975, 5.465, 0.9975, 5.844, 0.997778, 5.699, 0.9975, 6.16, 0.9975, 5.1695, 0.9975, 5.303, 0.9975, 4.637, 0.9975, 3.174, 0.995833, 2.0695, 0.9975, 2.722, 0.9975, 3.266, 0.9975, 3.606, 0.9975, 3.68, 0.997778, 4.531, 0.997222
55, 4.364, 4.608, 0.9975, 6.536, 0.995, 5.801, 0.997778, 4.7305, 0.9975, 5.426, 0.9975, 4.853, 0.9975, 1.337, 0.996389, 1.665, 0.9975, 1.4855, 0.9975, 1.803, 0.9975, 4.412, 0.9975, 5.0155, 0.9975, 4.962, 0.992222, 6.178, 0.995, 5.9485, 0.9975, 5.759, 0.9975, 4.885, 0.995, 4.5715, 0.998611, 2.667, 0.995, 3.203, 0.994722, 3.207, 0.9975, 3.6275, 0.9975, 4.928, 0.994722, 4.66, 0.999722
56, 4.642, 4.7505, 0.9975, 5.673, 0.9975, 7.223, 0.9975, 5.562, 0.9975, 5.0135, 0.9975, 4.922, 0.997778, 4.115, 0.996111, 4.596, 0.997778, 4.882, 0.995, 2.8785, 0.986667, 1.953, 0.9975, 3.413, 0.9975, 5.7595, 0.9975, 6.3425, 0.9975, 5.993, 0.9975, 6.02, 0.994722, 5.372, 0.9975, 4.655, 0.9975, 3.3725, 0.9975, 2.538, 0.9975, 2.3725, 0.9975, 2.605, 0.9975, 4.3985, 0.992222, 4.841, 0.995833
57, 4.83, 4.988, 0.997778, 5.178, 0.995, 6.569, 0.9975, 5.144, 0.997778, 4.936, 0.997778, 4.586, 0.997778, 4.011, 0.9975, 5.191, 0.9975, 1.653, 0.9975, 2.735, 0.9975, 4.498, 0.9975, 4.4595, 0.9975, 6.0835, 0.994722, 4.835, 0.9975, 5.5795, 0.9975, 6.274, 0.9975, 5.2425, 0.9975, 5.232, 0.9975, 3.91, 0.994722, 2.656, 0.9975, 3.923, 0.9975, 5.5425, 0.9975, 5.508, 0.994722, 4.747, 0.999444
58, 5.283, 5.465, 0.9975, 6.2715, 0.9975, 7.314, 0.9975, 5.697, 0.9975, 5.2855, 0.9975, 4.9065, 0.9975, 4.228, 0.997778, 4.833, 0.997778, 4.9025, 0.992222, 3.102, 0.9975, 2.9985, 0.9975, 4.877, 0.9975, 5.349, 0.997778, 5.08, 0.997222, 5.497, 0.996944, 5.527, 0.9975, 5.681, 0.998889, 5.4155, 0.997778, 4.191, 0.995, 3.3655, 0.9975, 6.2035, 0.9975, 6.4795, 0.9975, 5.884, 0.9975, 5.4195, 0.996389
59, 5.3315, 6.289, 0.9975, 8.5015, 0.9975, 8.903, 0.9975, 6.2025, 0.9975, 5.365, 0.994722, 4.4715, 0.9975, 3.997, 0.9975, 4.868, 0.9975, 5.721, 0.9975, 2.878, 0.9975, 3.0145, 0.9975, 4.069, 0.9975, 5.161, 0.9975, 6.074, 0.996111, 5.73, 0.9975, 5.438, 0.9975, 5.354, 0.996111, 4.937, 0.9975, 4.4805, 0.9975, 3.41, 0.9975, 5.7665, 0.9975, 5.9195, 0.9975, 5.82, 0.9975, 5.878, 0.996389
60, 4.811, 5.813, 0.995, 6.38, 0.997778, 7.2195, 0.997778, 5.3295, 0.997778, 5.4385, 0.997778, 4.5935, 0.9975, 4.012, 0.9975, 4.8155, 0.9975, 5.279, 0.9975, 2.871, 0.9975, 3.3, 0.995, 4.3235, 0.997778, 3.893, 0.997778, 5.5345, 0.999167, 4.79, 0.995, 5.324, 0.9975, 4.6365, 0.998889, 5.045, 0.997778, 4.26, 0.997778, 2.995, 0.995, 4.8535, 0.9975, 3.7315, 0.9975, 4.198, 0.9975, 5.891, 0.998889
61, 4.593, 5.32, 0.9975, 5.731, 0.9975, 6.453, 0.9975, 4.88, 0.9975, 5.067, 0.9975, 4.619, 0.994722, 4.206, 0.9975, 4.6405, 0.9975, 5.0745, 0.9975, 3.111, 0.9975, 3.2135, 0.994722, 3.801, 0.9975, 4.2, 0.9975, 5.251, 0.9975, 5.462, 0.9975, 4.65, 0.995, 4.4185, 0.998056, 4.735, 0.997778, 4.022, 0.9975, 3.258, 0.9975, 3.923, 0.9975, 4.769, 0.9975, 3.883, 0.992222, 5.114, 0.995833
62, 4.534, 4.442, 0.9975, 5.693, 0.9975, 6.1475, 0.9975, 4.598, 0.9975, 4.8225, 0.9975, 4.6125, 0.9975, 4.2305, 0.9975, 4.495, 0.9975, 5.074, 0.995, 3.1425, 0.9975, 3.68, 0.9975, 3.694, 0.9975, 3.9745, 0.9975, 5.0875, 0.9975, 5.16, 0.9975, 5.529, 0.9975, 3.828, 0.9975, 4.584, 0.9975, 3.679, 0.995, 3.195, 0.997778, 4.3385, 0.997778, 4.5845, 0.997778, 4.386, 0.9975, 4.981, 0.995833
63, 4.571, 5.1805, 0.9975, 5.693, 0.9975, 5.806, 0.9975, 4.913, 0.994722, 4.9855, 0.9975, 4.396, 0.9975, 4.4235, 0.997778, 4.606, 0.997778, 5.0185, 0.997778, 2.93, 0.997778, 3.443, 0.997778, 4.0925, 0.997778, 4.171, 0.989444, 5.631, 0.9975, 5.16, 0.9975, 5.435, 0.9975, 3.576, 0.9975, 4.3675, 0.997778, 2.6045, 0.997778, 3.0475, 0.997778, 3.431, 0.997778, 4.436, 0.994722, 4.4155, 0.9975, 5.768, 0.998611
64, 4.44, 4.9715, 0.9975, 5.538, 0.9975, 4.893, 0.997778, 4.8715, 0.997778, 4.9145, 0.997778, 4.921, 0.997778, 4.317, 0.995, 4.4825, 0.9975, 5.3425, 0.9975, 2.873, 0.9975, 3.731, 0.995, 3.82, 0.9975, 4.9145, 0.997778, 5.0365, 0.995, 4.6025, 0.997778, 5.266, 0.995, 3.1175, 0.9975, 4.3165, 0.9975, 2.61, 0.9975, 2.475, 0.997778, 3.488, 0.997778, 4.212, 0.997778, 3.719, 0.9975, 4.624, 0.995556
65, 4.5865, 4.455, 0.994722, 5.811, 0.9975, 6.091, 0.997778, 4.847, 0.997778, 4.6715, 0.997778, 4.5615, 0.997778, 4.3985, 0.9975, 4.7565, 0.9975, 5.5555, 0.9975, 3.075, 0.994722, 3.93, 0.9975, 3.771, 0.997778, 3.8745, 0.997778, 4.4535, 0.997778, 6.3245, 0.997778, 5.036, 0.9975, 4.6185, 0.9975, 4.529, 0.9975, 4.577, 0.995, 3.182, 0.997778, 4.246, 0.997778, 3.705, 0.9975, 4.653, 0.9975, 4.468, 0.998333
66, 4.824, 5.2795, 0.9975, 5.5575, 0.9975, 6.266, 0.995, 5.5255, 0.9975, 5.2975, 0.9975, 4.9495, 0.9975, 4.437, 0.9975, 4.911, 0.9975, 5.2, 0.481111, , , 3.622, 0.2, 3.946, 0.996389, 5.06, 0.997778, 4.505, 0.997778, 5.2435, 0.9975, 4.612, 0.9975, 3.856, 0.9975, 5.003, 0.9975, 3.945, 0.9975, 3.584, 0.995, 4.717, 0.9975, 4.1805, 0.9975, 4.382, 0.9975, 4.655, 0.997778
67, 4.679, 4.477, 0.9975, 5.349, 0.997778, 5.6545, 0.997778, 5.021, 0.995, 4.6735, 0.9975, 4.748, 0.9975, 4.306, 0.9975, 4.4965, 0.9975, 5.666, 0.997778, 2.297, 0.998333, 3.484, 0.995, 3.965, 0.989444, 4.435, 0.9975, 5.048, 0.9975, 4.207, 0.997778, 4.2355, 0.997222, 4.668, 0.997778, 4.6625, 0.9975, 3.317, 0.9975, 2.8155, 0.9975, 5.062, 0.995, 5.4945, 0.9975, 5.169, 0.9975, 4.868, 0.998056
68, 5.219, 5.1095, 0.9975, 4.168, 0.9975, 5.608, 0.997778, 5.7365, 0.997778, 5.2655, 0.997778, 5.201, 0.994722, 4.6225, 0.9975, 4.709, 0.997778, 5.537, 0.997778, 5.255, 0.997778, 3.801, 0.9975, 4.248, 0.9975, 5.781, 0.9975, 6.152, 0.9975, 5.698, 0.995, 5.8675, 0.9975, 5.1, 0.9975, 5.1335, 0.9975, 5.277, 0.9975, 4.13, 0.997778, 6.019, 0.997778, 5.17, 0.9975, 5.492, 0.994722, 5.175, 0.998056
69, 4.882, 5.1795, 0.997778, 7.2005, 0.997778, 6.3765, 0.9975, 5.6055, 0.9975, 5.6555, 0.9975, 5.5535, 0.9975, 4.822, 0.995, 5.2915, 0.9975, 6.368, 0.9975, 5.241, 0.9975, 3.487, 0.994722, 4.832, 0.997778, 4.3395, 0.998333, 4.234, 0.995, 3.991, 0.9975, 4.365, 0.9975, 4.037, 0.997222, 4.619, 0.997778, 3.6795, 0.994722, 3.7265, 0.994722, 4.133, 0.9975, 3.4345, 0.997778, 3.4715, 0.997778, 5.574, 0.995278
70, 4.2005, 4.1195, 0.9975, 4.2155, 0.997778, 4.641, 0.997778, 5.0035, 0.997778, 4.938, 0.9975, 4.584, 0.9975, 4.5075, 0.9975, 4.843, 0.995, 5.917, 0.9975, 2.555, 0.998056, 3.51, 0.9975, 3.722, 0.9975, 3.8825, 0.995, 4.725, 0.986944, 4.706, 0.995, 4.199, 0.9975, 3.49, 0.997222, 4.647, 0.997778, 3.4955, 0.9975, 3.4885, 0.9975, 3.814, 0.9975, 3.153, 0.997778, 3.332, 0.997778, 3.088, 0.995
71, 3.9535, 3.78, 0.994722, 4.195, 0.997778, 4.774, 0.997778, 5.1465, 0.9975, 5.5955, 0.9975, 4.8925, 0.9975, 4.4615, 0.997778, 3.7865, 0.997778, 4.54, 0.995, 3.426, 0.998056, 4.279, 0.995, 4.177, 0.997778, 4.714, 0.995, 4.708, 0.9975, 4.0015, 0.9975, 3.7175, 0.995, 1.1335, 0.997222, 2.559, 0.9975, 3.138, 0.9975, 2.7595, 0.997778, 2.9045, 0.995, 3.289, 0.995, 3.6955, 0.9975, 3.564, 0.997778
72, 4.291, 3.991, 0.995, 5.5605, 0.9975, 5.216, 0.9975, 6.0465, 0.997778, 5.533, 0.997778, 5.8195, 0.9975, 4.459, 0.9975, 4.8975, 0.9975, 5.5695, 0.995, 3.62, 0.998056, 3.6895, 0.9975, 5.178, 0.9975, 3.819, 0.997778, 5.0145, 0.997778, 4.3425, 0.9975, 3.995, 0.995, 3.35, 0.997222, 4.2975, 0.9975, 2.4365, 0.9975, 2.9345, 0.997778, 3.226, 0.997778, 2.357, 0.9975, 2.647, 0.9975, 3.771, 0.997778
73, 4.773, 3.792, 0.995, 4.8705, 0.9975, 5.329, 0.9975, 5.588, 0.997778, 5.65, 0.997778, 5.1835, 0.997778, 4.497, 0.9975, 4.82, 0.9975, 6.03, 0.995, 5.0015, 0.994722, 4.2195, 0.9975, 3.979, 0.9975, 4.405, 0.992222, 4.6305, 0.997778, 5.6, 0.9975, 5.048, 0.9975, 4.645, 0.995, 4.9365, 0.9975, 4.107, 0.9975, 2.403, 0.997778, 5.6115, 0.997778, 4.625, 0.9975, 3.8005, 0.9975, 3.3365, 0.9975
74, 5.038, 4.326, 0.995, 5.071, 0.9975, 5.2235, 0.997778, 5.2725, 0.997778, 4.771, 0.997778, 4.8685, 0.9975, 4.201, 0.9975, 4.684, 0.997778, 5.777, 0.995, 6.356, 0.9975, 5.313, 0.997778, 5.1125, 0.997778, 5.575, 0.9975, 5.643, 0.9975, 6.033, 0.997778, 6.0085, 0.997778, 5.9145, 0.994722, 5.145, 0.997778, 5.3535, 0.997778, 3.2275, 0.9975, 5.582, 0.9975, 5.0365, 0.997778, 4.71, 0.997778, 4.059, 0.9975
75, 4.734, 5.669, 0.995, 6.428, 0.997778, 5.204, 0.9975, 4.853, 0.9975, 4.568, 0.997778, 5.653, 0.997778, 5.027, 0.9975, 5.785, 0.9975, 6.752, 0.995, 5.859, 0.9975, 4.134, 0.995, 4.0285, 0.994722, 4.8315, 0.997778, 4.184, 0.996389, 5.464, 0.998889, 4.165, 0.995, 3.369, 0.9975, 3.886, 0.9975, 2.4565, 0.995, 2.562, 0.997778, 3.4335, 0.9975, 2.261, 0.992222, 2.6425, 0.997778, 4.773, 0.9975
76, 3.9415, 3.15, 0.9975, 3.839, 0.997778, 4.274, 0.997778, 4.64, 0.9975, 4.479, 0.9975, 4.7325, 0.997778, 4.424, 0.997778, 5.6625, 0.994722, 6.507, 0.865278, , , , , 4.9475, 0.843333, 4.64, 0.996944, 5.206, 0.997778, 4.586, 0.998333, 3.8735, 0.989722, 2.117, 0.995, 2.781, 0.9975, 3.0795, 0.997778, 2.9375, 0.997778, 3.41, 0.9975, 3.406, 0.9975, 2.988, 0.997778, 3.0415, 0.995278
77, 4.311, 3.454, 0.994722, 3.5775, 0.997778, 4.716, 0.997778, 4.9715, 0.9975, 5.1965, 0.997778, 4.749, 0.997778, 4.5545, 0.9975, 5.16, 0.9975, 5.6745, 0.995, 5.0485, 0.9975, 3.4475, 0.9975, 4.925, 0.997778, 4.915, 0.995, 4.204, 0.9975, 4.595, 0.9975, 4.196, 0.995, 3.3295, 0.9975, 4.2215, 0.997778, 4.2435, 0.997778, 3.083, 0.9975, 3.879, 0.9975, 3.425, 0.997778, 4.327, 0.9975, 3.6765, 0.997222
78, 4.663, 4.4185, 0.997778, 4.646, 0.9975, 4.6875, 0.997778, 5.4865, 0.997778, 5.6235, 0.9975, 5.707, 0.9975, 4.681, 0.995, 5.703, 0.9975, 6.708, 0.9975, 5.627, 0.997778, 3.174, 0.997778, 4.924, 0.9975, 4.942, 0.997778, 4.7655, 0.984167, 4.776, 0.968056, 4.745, 0.978611, 3.9835, 0.995, 4.725, 0.9975, 4.246, 0.997778, 2.663, 0.995, 3.911, 0.9975, 3.053, 0.995, 3.904, 0.9975, 4.371, 0.997222
79, 4.433, 3.9225, 0.997778, 3.998, 0.997778, 4.6595, 0.9975, 5.383, 0.997778, 5.5755, 0.997778, 5.255, 0.994722, 4.751, 0.997778, 5.491, 0.997778, 6.074, 0.9975, 4.9865, 0.997778, 4.052, 0.997778, 3.716, 0.992222, 4.893, 0.989444, 4.4105, 0.995, 4.103, 0.992222, 4.366, 0.997778, 3.5765, 0.997778, 4.367, 0.9975, 4.3, 0.997778, 3.4445, 0.986944, 3.764, 0.995, 3.2265, 0.997778, 3.588, 0.9975, 4.335, 0.996944
80, 4.696, 3.7365, 0.997778, 4.134, 0.9975, 4.6565, 0.9975, 5.224, 0.995, 5.19, 0.9975, 4.9645, 0.997778, 6.1345, 0.997778, 4.6695, 0.9975, 5.4585, 0.997778, 5.208, 0.997778, 4.112, 0.9975, 5.335, 0.995, 4.846, 0.997778, 5.5415, 0.992222, 5.88, 0.997778, 6.337, 0.997778, 5.6775, 0.9975, 4.8945, 0.997778, 4.449, 0.995, 2.446, 0.997778, 3.611, 0.997778, 3.992, 0.9975, 4.287, 0.997778, 4.0605, 0.997222
81, 4.922, 4.9135, 0.9975, 4.13, 0.995, 5.2195, 0.9975, 4.919, 0.9975, 5.4585, 0.997778, 5.4115, 0.9975, 5.479, 0.9975, 5.0335, 0.997778, 6.153, 0.997778, 6.6715, 0.995, 5.76, 0.997778, 4.6855, 0.9975, 5.467, 0.997778, 5.663, 0.997778, 4.7385, 0.995, 5.614, 0.997778, 4.147, 0.995, 4.216, 0.997778, 4.84, 0.997778, 2.374, 0.9975, 4.674, 0.997778, 3.7345, 0.997778, 3.146, 0.9975, 5.184, 0.996944
82, 4.2585, 4.7415, 0.9975, 4.166, 0.997778, 4.5485, 0.997778, 5.215, 0.9975, 4.7385, 0.997778, 4.699, 0.997778, 4.351, 0.9975, 5.012, 0.992222, 5.588, 0.9975, 4.6565, 0.997778, 3.998, 0.997778, 4.427, 0.9975, 4.245, 0.997778, 4.0335, 0.997778, 4.229, 0.995, 3.896, 0.997778, 2.617, 0.9975, 3.2795, 0.997778, 2.986, 0.996944, 2.397, 0.9975, 3.401, 0.997778, 2.266, 0.9975, 2.924, 0.997778, 4.715, 0.995
83, 4.037, 2.984, 0.997778, 3.716, 0.997778, 4.817, 0.9975, 5.103, 0.997778, 4.8695, 0.997778, 4.847, 0.9975, 4.918, 0.995, 4.8515, 0.9975, 6.5465, 0.997778, 6.268, 0.997778, 4.549, 0.9975, 4.419, 0.997778, 5.4845, 0.997778, 4.0485, 0.9975, 4.092, 0.995, 3.9065, 0.9975, 2.262, 0.997778, 2.6955, 0.997778, 2.489, 0.995, 0.747, 0.997778, 3.248, 0.9975, 3.323, 0.995, 3.126, 0.9975, 2.859, 0.996667
84, 4.027, 3.1315, 0.997778, 3.738, 0.9975, 5.2075, 0.997778, 4.782, 0.997778, 4.738, 0.995, 4.521, 0.997778, 4.5835, 0.9975, 4.038, 0.997778, 6.792, 0.9975, 5.9025, 0.9975, 4.135, 0.997778, 4.26, 0.992222, 4.709, 0.984167, 4.142, 0.9975, 3.911, 0.997778, 4.1625, 0.997778, 2.901, 0.9975, 3.72, 0.997778, 2.911, 0.995, 2.342, 0.995, 3.1565, 0.997778, 3.133, 0.997778, 3.5925, 0.997778, 3.0025, 0.996667
85, 4.355, 3.5565, 0.997778, 3.513, 0.995, 4.947, 0.997778, 5.67, 0.997778, 5.477, 0.9975, 5.0775, 0.997778, 4.947, 0.9975, 5.557, 0.997778, 6.046, 0.995, 6.234, 0.997778, 4.9095, 0.997778, 3.6425, 0.9975, 4.157, 0.997778, 4.144, 0.997778, 4.385, 0.9975, 4.489, 0.992222, 3.354, 0.997778, 4.224, 0.997778, 4.05, 0.9975, 2.645, 0.997778, 3.908, 0.9975, 3.648, 0.997778, 3.609, 0.995, 4.0495, 0.999167
86, 4.095, 3.995, 0.997778, 3.968, 0.997778, 4.5285, 0.997778, 5.379, 0.9975, 5.3165, 0.997778, 5.105, 0.994722, 4.6675, 0.997778, 4.1255, 0.9975, 5.749, 0.997778, 5.252, 0.996389, 3.43, 0.997778, 4.256, 0.997778, 4.6795, 0.9975, 4.021, 0.997778, 4.0395, 0.997778, 3.692, 0.995, 2.0975, 0.998889, 3.653, 0.997778, 4.027, 0.989722, 2.536, 0.995, 3.598, 0.997778, 3.286, 0.997778, 2.876, 0.997778, 3.955, 0.996389
87, 4.313, 3.4425, 0.997778, 3.8525, 0.9975, 4.838, 0.995, 4.942, 0.9975, 5.1505, 0.997778, 6.641, 0.997778, 4.6895, 0.9975, 4.4405, 0.997778, 5.126, 0.9975, 5.115, 0.995, 3.493, 0.998889, 3.957, 0.997778, 3.859, 0.995, 4.382, 0.997778, 4.758, 0.997778, 3.9935, 0.997778, 3.292, 0.996389, 3.616, 0.997778, 3.568, 0.997778, 2.666, 0.997778, 3.862, 0.992222, 4.716, 0.9975, 5.036, 0.995, 3.668, 0.998889
88, 4.666, 4.2055, 0.997778, 3.9295, 0.9975, 5.011, 0.997778, 4.995, 0.9975, 5.455, 0.997778, 4.924, 0.995, 5.9835, 0.997778, 4.641, 0.9975, 5.99, 0.997778, 7.585, 0.997778, 6.408, 0.9975, 4.713, 0.997778, 5.31, 0.995, 4.855, 0.997778, 5.1885, 0.9975, 5.4405, 0.997778, 3.542, 0.9975, 4.412, 0.997778, 4.8095, 0.9975, 2.162, 0.992222, 3.384, 0.9975, 2.764, 0.997778, 3.224, 0.9975, 4.442, 0.996389
89, 4.308, 4.5965, 0.9975, 3.847, 0.995, 4.8545, 0.9975, 5.0615, 0.997778, 5.2045, 0.997778, 4.68, 0.997778, 4.836, 0.997778, 5.1615, 0.9975, 5.89, 0.995, 6.051, 0.997778, 5.4335, 0.997778, 4.314, 0.9975, 4.298, 0.997778, 4.065, 0.9975, 3.9555, 0.995, 3.935, 0.995, 2.8015, 0.997778, 2.424, 0.9975, 2.961, 0.995, 2.115, 0.9975, 3.577, 0.995, 3.461, 0.997778, 2.462, 0.995, 4.4885, 0.998889
90, 4.337, 3.46, 0.997778, 4.022, 0.9975, 4.834, 0.997778, 5.359, 0.997778, 4.735, 0.995, 4.691, 0.9975, 4.7935, 0.997778, 5.2505, 0.997778, 7.032, 0.997778, 6.774, 0.997778, 5.233, 0.996389, 4.066, 0.997778, 6.1955, 0.9975, 5.147, 0.997778, 4.443, 0.9975, 4.744, 0.995, 3.553, 0.998889, 2.361, 0.997778, 2.753, 0.995, 0.7245, 0.989722, 3.013, 0.995, 3.104, 0.997778, 2.7675, 0.9975, 3.211, 0.996111
91, 4.1415, 3.275, 0.9975, 3.996, 0.995, 4.944, 0.997778, 4.8705, 0.997778, 4.845, 0.9975, 5.121, 0.997778, 4.7345, 0.9975, 4.542, 0.995, 7.305, 0.9975, 6.653, 0.997778, 4.974, 0.9975, 4.965, 0.996111, 4.514, 0.997778, 4.0255, 0.997778, 4.6235, 0.9975, 4.2325, 0.997778, 3.2235, 0.995, 2.617, 0.997778, 3.184, 0.9925, 2.3135, 0.995, 2.816, 0.9975, 3.0575, 0.997778, 3.3075, 0.9975, 3.031, 0.997778
92, 4.551, 3.2785, 0.9975, 3.703, 0.995, 4.7005, 0.997778, 5.2, 0.997778, 4.851, 0.997778, 4.847, 0.997778, 4.703, 0.9975, 5.3065, 0.995, 6.838, 0.995, 5.6225, 0.997778, 3.476, 0.995278, 4.251, 0.997778, 4.751, 0.9975, 3.243, 0.995, 4.729, 0.997778, 4.0285, 0.997778, 2.182, 0.997778, 1.257, 0.119167, , , , , , , , , , , 3.315, 0.805833
94, 3.777, , , , , , , , , , , , , , , 5.997, 0.695, 8.141, 0.997778, 7.273, 0.997778, 5.258, 0.997778, 4.297, 0.992222, 4.2555, 0.998889, 3.9335, 0.997778, 3.918, 0.995, 4.329, 0.996389, 3.147, 0.997778, 3.57, 0.995, 2.53, 0.997778, 2.33, 0.9975, 3.349, 0.997778, 3.123, 0.9975, 2.9275, 0.997778, 2.873, 0.2
95, 4.808, 4.2085, 0.9975, 4.0695, 0.997778, 4.6265, 0.9975, 5.4435, 0.997778, 5.55, 0.9975, 5.5405, 0.997778, 4.2865, 0.995, 5.649, 0.995, 6.5235, 0.997778, 6.4685, 0.997778, 6.059, 0.997778, 4.379, 0.997778, 4.6615, 0.995, 4.8985, 0.9975, 4.892, 0.997778, 5.731, 0.9975, 3.904, 0.997778, 3.891, 0.997778, 4.902, 0.997778, 2.38, 0.995, 3.868, 0.9975, 4.7135, 0.997778, 5.182, 0.997778, 3.803, 0.995833
96, 4.935, 6.068, 0.997778, 4.495, 0.995, 5.118, 0.997778, 5.0125, 0.9975, 5.0925, 0.997778, 4.756, 0.9975, 4.528, 0.997778, 4.774, 0.9975, 6.007, 0.995, 7.4145, 0.997778, 6.761, 0.997778, 5.648, 0.997778, 5.7585, 0.997778, 6.272, 0.997778, 5.275, 0.995, 5.944, 0.997778, 4.6965, 0.997778, 4.4725, 0.997778, 4.935, 0.997778, 2.411, 0.997778, 3.555, 0.995, 3.076, 0.997778, 4.454, 0.997778, 4.966, 0.998333
97, 4.672, 5.37, 0.997778, 5.3045, 0.997778, 4.9085, 0.9975, 5.458, 0.995, 5.296, 0.997778, 4.9225, 0.997778, 4.725, 0.997778, 5.8275, 0.997778, 6.7485, 0.997778, 6.527, 0.995278, 5.6575, 0.997778, 3.953, 0.998889, 3.908, 0.995, 4.285, 0.997778, 4.4125, 0.997778, 4.9035, 0.997778, 3.305, 0.996389, 3.2175, 0.997778, 2.618, 0.997778, 2.3345, 0.997778, 3.68, 0.997778, 2.93, 0.9975, 3.054, 0.995, 4.891, 0.998333
98, 4.388, 5.0995, 0.997778, 3.978, 0.997778, 4.504, 0.9975, 5.609, 0.997778, 5.141, 0.995, 5.254, 0.997778, 5.034, 0.997778, 5.226, 0.997778, 6.673, 0.997778, 7.079, 0.9975, 5.404, 0.995, 4.174, 0.997778, 5.118, 0.997778, 4.249, 0.997778, 3.91, 0.989722, 3.784, 0.997778, 2.98, 0.986667, 2.8645, 0.995, 2.757, 0.995, 2.415, 0.984167, 3.676, 0.951667, 3.2785, 0.997778, 3.1935, 0.997778, 3.796, 0.995556
99, 3.945, 3.39, 0.997778, 3.799, 0.997778, 4.8275, 0.997778, 5.353, 0.997778, 5.164, 0.997778, 4.765, 0.995, 5.086, 0.997778, 4.9005, 0.997778, 6.493, 0.997778, 6.851, 0.997778, 4.197, 0.9975, 3.53, 0.997778, 3.845, 0.995278, 4.013, 0.997778, 4.378, 0.997778, 3.6525, 0.996389, 3.049, 0.997778, 2.768, 0.9975, 2.8975, 0.995, 2.4025, 0.997778, 2.967, 0.997778, 3.438, 0.995, 3.4005, 0.997778, 2.8265, 0.997222
100, 4.079, 3.751, 0.997778, 3.8355, 0.997778, 4.342, 0.997778, 5.158, 0.9975, 5.155, 0.995, 4.9205, 0.997778, 4.8405, 0.997778, 5.4545, 0.995, 6.267, 0.9975, 5.622, 0.997778, 4.555, 0.995, 4.626, 0.997778, 4.429, 0.995, 3.99, 0.978611, 3.867, 0.981389, 3.8, 0.995278, 2.282, 0.989444, 2.767, 0.997778, 3.1945, 0.995, 2.3515, 0.9625, 3.1255, 0.997778, 3.6805, 0.9975, 3.412, 0.995, 3.316, 0.998056
101, 4.222, 3.4265, 0.9975, 3.953, 0.997778, 4.665, 0.9975, 5.161, 0.997778, 5.3085, 0.995, 4.5985, 0.9975, 4.4515, 0.997778, 5.3585, 0.995, 7.269, 0.997778, 6.609, 0.997778, 5.1655, 0.997778, 4.509, 0.995, 4.4175, 0.997778, 4.078, 0.997778, 3.9435, 0.997778, 3.968, 0.997778, 3.06, 0.997778, 2.8995, 0.995, 3.2485, 0.997778, 2.434, 0.997778, 2.939, 0.9975, 3.936, 0.997778, 4.1365, 0.997778, 3.951, 0.995556
102, 4.572, 3.9155, 0.997778, 3.804, 0.997778, 4.1475, 0.997778, 5.1305, 0.997778, 5.2275, 0.997778, 4.608, 0.995, 4.4995, 0.997778, 5.234, 0.995278, 6.211, 0.997778, 5.9445, 0.9975, 4.921, 0.997778, 4.724, 0.995, 4.576, 0.9975, 4.636, 0.997778, 4.319, 0.997778, 4.57, 0.997778, 3.649, 0.997778, 4.004, 0.997778, 4.1495, 0.995, 2.1405, 0.997778, 3.674, 0.9975, 4.9315, 0.997778, 5.4455, 0.997778, 4.25, 0.995278
103, 4.896, 5.07, 0.995, 5.4335, 0.997778, 4.694, 0.997778, 5.2315, 0.997778, 5.062, 0.997778, 4.9015, 0.997778, 4.93, 0.995, 6.561, 0.989722, 6.8385, 0.984167, 6.804, 0.9975, 6.2535, 0.997778, 5.982, 0.997778, 5.1385, 0.995, 5.3505, 0.997778, 4.866, 0.9925, 5.448, 0.997778, 3.532, 0.997778, 3.6705, 0.9975, 4.062, 0.995, 1.8425, 0.9925, 3.686, 0.997778, 2.526, 0.997778, 4.225, 0.997778, 5.138, 0.998056
104, 4.093, 5.197, 0.995, 3.9535, 0.997778, 4.6165, 0.997778, 5.1945, 0.997778, 5.2795, 0.997778, 4.613, 0.997778, 4.818, 0.995, 5.653, 0.995278, 6.967, 0.995, 5.2975, 0.996667, 2.444, 0.9975, 3.7075, 0.997778, 3.874, 0.997778, 3.882, 0.997778, 3.8835, 0.997778, 3.6935, 0.995278, 3.484, 0.998889, 2.677, 0.997778, 2.655, 0.9925, 1.7225, 0.995, 2.4185, 0.997778, 3.221, 0.9975, 3.2475, 0.997778, 4.4655, 0.997778
105, 3.865, 3.288, 0.997778, 3.99, 0.995, 4.6375, 0.997778, 4.914, 0.997778, 4.836, 0.998056, 4.348, 0.9975, 4.175, 0.995, 4.17, 0.997778, 4.762, 0.997778, 4.37, 0.997778, 3.373, 0.995, 3.6545, 0.992222, 4.111, 0.995, 3.9755, 0.997778, 5.174, 0.997778, 4.17, 0.997778, 3.376, 0.995, 2.4845, 0.997778, 3.135, 0.995, 2.25, 0.995, 2.2935, 0.997778, 3.536, 0.997778, 3.129, 0.997778, 3.2005, 0.997778
106, 3.999, 3.404, 0.995, 3.9435, 0.997778, 4.6185, 0.997778, 5.292, 0.997778, 4.983, 0.9975, 4.3475, 0.997778, 4.372, 0.995, 4.372, 0.9975, 4.904, 0.997778, 5.936, 0.997778, 4.1945, 0.995278, 4.2155, 0.997778, 4.328, 0.995, 3.8735, 0.9975, 3.9435, 0.989722, 3.75, 0.997778, 2.903, 0.997778, 3.4215, 0.997778, 3.19, 0.992222, 2.432, 0.9975, 3.4315, 0.997778, 3.736, 0.997778, 4.0105, 0.997778, 3.153, 0.997778
107, 4.043, 3.781, 0.995, 3.8445, 0.997778, 4.2305, 0.997778, 4.996, 0.997778, 4.6545, 0.997778, 4.332, 0.997778, 4.416, 0.995, 4.747, 0.9975, 5.2455, 0.997778, 5.986, 0.997778, 4.9295, 0.997778, 4.307, 0.997778, 4.88, 0.9975, 4.376, 0.995, 4.2095, 0.997778, 3.766, 0.989722, 2.496, 0.997778, 2.656, 0.997778, 2.974, 0.995, 2.422, 0.954722, 2.2565, 0.848889, 2.9, 0.997778, 2.991, 0.9975, 3.823, 0.989722
108, 4.2285, 3.146, 0.995, 3.952, 0.997778, 4.35, 0.997778, 4.791, 0.997778, 5.121, 0.9975, 4.791, 0.997778, 3.982, 0.995, 3.9465, 0.997778, 5.253, 0.997778, 5.783, 0.997778, 4.014, 0.996944, 4.727, 0.995, 4.849, 0.995, 4.5765, 0.9975, 5.082, 0.995, 3.7715, 0.997778, 3.296, 0.997778, 3.1955, 0.0786111, , , , , , , , , , , 2.728, 0.740833
112, 3.698, , , , , , , , , , , , , , , , , , , 4.2655, 0.418889, 3.528, 0.997778, 3.573, 0.997778, 3.792, 0.997778, 5.329, 0.995, 4.841, 0.997778, 3.443, 0.997778, 3.183, 0.997778, 2.973, 0.0755556, , , , , , , , , , , , 
113, 3.818, , , , , , , , , , , , , , , , , , , , , 3.353, 0.713889, 4.516, 0.997778, 5.381, 0.997778, 5.0285, 0.997778, 4.738, 0.997778, 3.63, 0.997778, 3.334, 0.995, 2.926, 0.283889, , , , , , , , , , , , 
114, 4.177, , , , , , , , , , , , , , , , , , , , , 4.213, 0.708333, 4.639, 0.997778, 4.871, 0.997778, 5.7075, 0.995278, 5.085, 0.997778, 4.151, 0.997778, 3.2255, 0.997778, 3.048, 0.286667, , , , , , , , , , , , 
115, 3.687, , , , , , , , , , , , , , , , , , , , , 4.304, 0.705833, 3.641, 0.997778, 3.6755, 0.9925, 6.6515, 0.997778, 5.4655, 0.997778, 3.477, 0.997778, 3.24, 0.997778, 2.925, 0.291944, , , , , , , , , , , , 
116, 4.473, , , , , , , , , , , , , , , , , , , 4.0355, 0.700278, 4.189, 0.997778, 5.016, 0.995278, 4.972, 0.997778, 3.84, 0.9975, 4.855, 0.997778, 5.282, 0.2975, , , , , , , , , , , , , , , , 
117, 3.5005, , , , , , , , , , , , , , , , , 4.966, 0.237778, 4.186, 0.996389, 3.9695, 0.997778, 5.3685, 0.9975, 5.6525, 0.997778, 4.811, 0.997778, 2.801, 0.997778, 5.174, 0.995278, 3.482, 0.983056, 2.5, 0.9925, 3.771, 0.995, 2.775, 0.997778, 3.2245, 0.997778, 3.366, 0.997778, 3.304, 0.997778, 3.706, 0.302778
118, 4.0505, 3.802, 0.997778, 4.1575, 0.997778, 4.8175, 0.997778, 4.9885, 0.997778, 4.673, 0.997778, 4.284, 0.995, 4.469, 0.997778, 5.2015, 0.995, 4.39, 0.9975, 4.901, 0.997778, 5.3195, 0.997778, 4.818, 0.995, 5.32, 0.997778, 4.552, 0.997778, 3.8665, 0.997778, 3.654, 0.995, 1.8245, 0.970556, 2.9505, 0.986944, 3.527, 0.997778, 2.9825, 0.997778, 3.249, 0.997778, 3.8335, 0.997778, 3.616, 0.995, 3.641, 0.997222
119, 3.9135, 3.3275, 0.997778, 3.915, 0.997778, 4.6165, 0.997778, 5.306, 0.997778, 4.744, 0.995, 4.2285, 0.997778, 4.416, 0.997778, 5.5195, 0.997778, 5.382, 0.997778, 5.51, 0.995, 5.564, 0.9975, 4.956, 0.997778, 3.88, 0.996389, 4.7675, 0.997778, 4.229, 0.997778, 3.523, 0.995, 3.3955, 0.997778, 2.834, 0.996389, 2.827, 0.997778, 2.5725, 0.833056, 2.685, 0.968056, 3.173, 0.995, 2.946, 0.997778, 3.458, 0.996944
120, 4.069, 2.917, 0.997778, 3.626, 0.997778, 4.369, 0.995, 4.975, 0.997778, 5.0415, 0.997778, 4.409, 0.319167, , , , , , , , , , , , , , , , , , , , , , , , , , , , , , , , , , , 3.156, 0.681667
123, 3.76, , , , , , , , , , , , , , , 5.725, 0.6625, 6.151, 0.995278, 5.845, 0.997778, 5.268, 0.997778, 5.2205, 0.995, 4.127, 0.996944, 5.153, 0.997778, 3.761, 0.997778, 3.588, 0.997778, 3.324, 0.995278, 2.998, 0.998889, 3.2665, 0.997778, 2.689, 0.995, 2.666, 0.997778, 3.951, 0.997778, 4.0655, 0.997778, 3.037, 0.335278
124, 3.861, 2.605, 0.997778, 3.303, 0.995, 4.847, 0.997778, 4.9595, 0.997778, 4.539, 0.997778, 4.2305, 0.997778, 4.517, 0.997778, 5.591, 0.995, 5.3065, 0.997778, 5.4385, 0.997778, 5.193, 0.995, 4.25, 0.988333, 5.305, 0.995, 3.768, 0.997778, 3.861, 0.995, 3.768, 0.997778, 3.2285, 0.998889, 2.826, 0.997778, 2.955, 0.995, 2.347, 0.96, 2.505, 0.981667, 2.789, 0.997778, 3.415, 0.997778, 2.343, 0.996944
125, 3.911, 2.915, 0.997778, 3.761, 0.997778, 4.7195, 0.997778, 4.667, 0.997778, 4.293, 0.997778, 4.265, 0.995, 4.6295, 0.997778, 5.3345, 0.997778, 5.6795, 0.997778, 4.615, 0.997778, 4.51, 0.997778, 4.66, 0.9925, 4.7965, 0.997778, 4.576, 0.997778, 5.4745, 0.986944, 3.675, 0.973611, 2.99, 0.995278, 2.487, 0.995, 3.105, 0.997778, 2.5025, 0.997778, 2.358, 0.997778, 2.968, 0.997778, 3.671, 0.995, 3.26, 0.996944
126, 3.992, 3.352, 0.997778, 3.787, 0.997778, 4.4375, 0.997778, 4.805, 0.995, 4.455, 0.997778, 4.2525, 0.997778, 4.716, 0.997778, 5.476, 0.9925, 5.186, 0.992222, 4.59, 0.995, 4.604, 0.9925, 3.76, 0.997778, 3.833, 0.993889, 3.8575, 0.995, 4.66, 0.986944, 3.694, 0.996111, 2.776, 0.995278, 2.762, 0.997778, 3.014, 0.997778, 2.6005, 0.997778, 2.6245, 0.989722, 3.793, 0.997778, 4.62, 0.997778, 2.778, 0.996944
127, 4.133, 3.373, 0.997778, 4.126, 0.995, 4.5295, 0.997778, 5.1005, 0.997778, 4.6735, 0.997778, 4.5465, 0.997778, 4.603, 0.997778, 5.179, 0.992222, 5.66, 0.995278, 5.591, 0.997778, 4.864, 0.997778, 4.969, 0.997778, 5.0205, 0.996667, 3.8295, 0.997778, 3.742, 0.997778, 3.75, 0.994722, 3.334, 0.999167, 2.8475, 0.995, 3.4705, 0.995, 2.785, 0.997778, 2.642, 0.998056, 3.932, 0.997778, 4.057, 0.997778, 3.567, 0.996667
128, 4.028, 2.605, 0.997778, 3.938, 0.997778, 5.168, 0.997778, 4.835, 0.997778, 4.566, 0.997778, 4.371, 0.995, 4.715, 0.997778, 5.425, 0.998056, 6.4085, 0.995, 5.642, 0.997778, 5.207, 0.995, 4.808, 0.997778, 4.653, 0.998889, 4.7755, 0.995, 5.8945, 0.997778, 3.529, 0.997778, 3.125, 0.997778, 2.9905, 0.996389, 3.5445, 0.997778, 2.847, 0.997778, 2.2, 0.997778, 2.835, 0.995, 2.435, 0.997778, 2.942, 0.996667
129, 3.812, 3.1885, 0.997778, 3.786, 0.997778, 4.161, 0.997778, 5.401, 0.995, 4.381, 0.997778, 4.0905, 0.997778, 4.0215, 0.998056, 4.239, 0.997778, 4.961, 0.995, 4.908, 0.997778, 4.8785, 0.997778, 5.1805, 0.997778, 5.467, 0.995278, 4.3695, 0.968056, 4.8835, 0.996389, 3.388, 0.997778, 3.205, 0.995, 2.764, 0.999167, 3.636, 0.997778, 2.76, 0.995, 2.4135, 0.997778, 3.435, 0.997778, 3.1355, 0.997778, 3.285, 0.996944
130, 3.9575, 3.611, 0.997778, 3.867, 0.995, 4.761, 0.997778, 4.699, 0.997778, 4.272, 0.997778, 4.3375, 0.997778, 4.518, 0.995, 5.329, 0.9925, 5.1815, 0.997778, 4.953, 0.997778, 5.6, 0.998056, 5.249, 0.997778, 5.073, 0.989722, 4.985, 0.993611, 4.491, 0.995, 3.537, 0.997778, 3.1075, 0.996389, 2.61, 0.989722, 3.747, 0.997778, 3.061, 0.997778, 2.53, 0.997778, 3.083, 0.997778, 3.3885, 0.997778, 3.3855, 0.996944
131, 3.848, 3.323, 0.997778, 3.89, 0.997778, 5.045, 0.997778, 4.783, 0.997778, 4.116, 0.995278, 4.488, 0.997778, 4.404, 0.997778, 4.452, 0.997778, 4.7905, 0.997778, 4.712, 0.997778, 4.87, 0.995, 5.528, 0.995278, 5.071, 0.995, 4.774, 0.989722, 3.7345, 0.984444, 3.642, 0.991111, 2.409, 0.997778, 2.989, 0.996389, 3.852, 0.997778, 3.203, 0.997778, 3.014, 0.995, 3.226, 0.997778, 3.1805, 0.997778, 3.281, 0.996944
132, 3.976, 3.4695, 0.997778, 3.866, 0.997778, 5.177, 0.995, 4.7475, 0.997778, 4.294, 0.997778, 4.4895, 0.997778, 4.679, 0.997778, 5.145, 0.995, 5.455, 0.997778, 5.432, 0.997778, 5.338, 0.997778, 5.452, 0.997778, 5.39, 0.997778, 5.383, 0.993611, 3.822, 0.998056, 3.4165, 0.997778, 3.187, 0.995, 2.859, 0.999444, 3.387, 0.995, 2.6185, 0.968056, 2.347, 0.946389, 3.2535, 0.997778, 3.4895, 0.997778, 3.4295, 0.996667
133, 4.06, 3.664, 0.995, 3.89, 0.997778, 4.259, 0.997778, 5.0925, 0.997778, 4.854, 0.997778, 5.226, 0.995, 4.884, 0.997778, 4.897, 0.997778, 4.7955, 0.997778, 4.74, 0.997778, 4.975, 0.997778, 5.7255, 0.995278, 4.813, 0.998889, 6.294, 0.997778, 5.0135, 0.995, 4.643, 0.997778, 3.2775, 0.997778, 2.96, 0.996667, 3.059, 0.998056, 2.513, 0.997778, 2.2145, 0.997778, 2.9665, 0.995, 3.7205, 0.997778, 3.102, 0.999167
134, 4.148, 3.778, 0.997778, 3.932, 0.997778, 4.1165, 0.997778, 4.473, 0.995, 4.567, 0.997778, 4.6005, 0.997778, 5.247, 0.997778, 4.658, 0.997778, 4.239, 0.995278, 5.433, 0.998889, 5.944, 0.997778, 6.305, 0.995, 6.46, 0.997778, 6.33, 0.997778, 6.0055, 0.997778, 4.711, 0.997778, 3.2695, 0.997778, 1.791, 0.996667, 3.735, 0.989722, 2.346, 0.9925, 2.193, 0.989722, 2.775, 0.998056, 3.696, 0.997778, 3.431, 0.996667
135, 4.044, 3.995, 0.995, 3.9725, 0.997778, 4.4285, 0.997778, 4.808, 0.997778, 5.257, 0.997778, 5.2525, 0.997778, 4.762, 0.995, 4.83, 0.997778, 5.072, 0.997778, 5.383, 0.997778, 4.1555, 0.997778, 5.272, 0.995, 4.838, 0.997778, 4.661, 0.997778, 3.75, 0.997778, 4.6905, 0.997778, 3.039, 0.997778, 2.4335, 0.995278, 3.5285, 0.997778, 2.6345, 0.995, 2.6505, 0.997778, 3.4315, 0.997778, 3.321, 0.995, 3.445, 0.999167
136, 4.099, 3.8855, 0.998056, 4.1745, 0.997778, 4.752, 0.997778, 4.698, 0.995, 4.691, 0.997778, 4.943, 0.997778, 5.082, 0.997778, 6.17, 0.995278, 5.4485, 0.997778, 4.976, 0.995, 5.2535, 0.997778, 4.893, 0.997778, 5.371, 0.997778, 4.859, 0.995278, 4.2655, 0.989722, 3.856, 0.997778, 3.266, 0.997778, 3.035, 0.997778, 3.7245, 0.997778, 2.976, 0.995, 2.978, 0.997778, 3.589, 0.997778, 3.313, 0.997778, 3.494, 0.996667
137, 3.975, 3.731, 0.997778, 3.843, 0.995, 4.1485, 0.997778, 4.622, 0.997778, 4.5675, 0.998056, 4.9285, 0.997778, 4.859, 0.995, 5.4265, 0.995, 5.81, 0.997778, 5.7685, 0.997778, 6.042, 0.997778, 6.1885, 0.997778, 5.037, 0.995278, 4.31, 0.997778, 4.4875, 0.997778, 3.639, 0.997778, 3.266, 0.997778, 2.858, 0.992222, 2.846, 0.984444, 2.523, 0.976111, 2.3545, 0.981389, 3.076, 0.997778, 3.208, 0.995, 3.376, 0.999167
138, 4.202, 3.7575, 0.997778, 3.869, 0.997778, 4.1175, 0.997778, 4.92, 0.995278, 4.6815, 0.997778, 4.212, 0.997778, 5.157, 0.997778, 5.171, 0.997778, 5.499, 0.997778, 6.304, 0.995, 6.079, 0.997778, 5.685, 0.998889, 6.477, 0.995278, 4.4125, 0.997778, 5.954, 0.997778, 4.5035, 0.997778, 3.4635, 0.997778, 2.683, 0.996667, 2.606, 0.997778, 2.288, 0.981667, 2.19, 0.984444, 2.783, 0.998056, 3.4305, 0.997778, 3.28, 0.996389
139, 4.031, 3.5625, 0.997778, 3.721, 0.995, 3.922, 0.997778, 3.854, 0.997778, 4.238, 0.997778, 4.2135, 0.997778, 4.6975, 0.995278, 4.555, 0.997778, 5.107, 0.997778, 6.5725, 0.997778, 7.0395, 0.997778, 6.865, 0.995278, 6.813, 0.997778, 6.147, 0.997778, 5.2115, 0.997778, 5.6225, 0.997778, 5.0925, 0.997778, 1.499, 0.996667, 2.7935, 0.995, 2.325, 0.924722, 2.48, 0.997778, 2.643, 0.998056, 3.5695, 0.997778, 3.438, 0.9975
140, 3.984, 3.554, 0.995, 3.523, 0.997778, 3.6565, 0.997778, 3.7195, 0.997778, 4.221, 0.997778, 4.303, 0.997778, 5.0615, 0.995278, 4.709, 0.997778, 5.342, 0.997778, 6.915, 0.996111, 7.604, 0.998333, 7.532, 0.997778, 6.752, 0.997778, 5.743, 0.995278, 5.384, 0.997778, 6.789, 0.997778, 4.3565, 0.997778, 2.499, 0.996111, 2.6535, 0.997778, 2.302, 0.997778, 2.463, 0.998056, 2.796, 0.997778, 3.614, 0.995278, 3.253, 0.999167
141, 3.966, 3.649, 0.997778, 3.3585, 0.997778, 3.316, 0.997778, 3.977, 0.995, 4.242, 0.997778, 4.335, 0.997778, 5.17, 0.997778, 4.737, 0.997778, 4.871, 0.995, 6.602, 0.999444, 7.639, 0.995, 6.961, 0.997778, 6.753, 0.997778, 6.707, 0.998056, 5.287, 0.997778, 4.7775, 0.997778, 3.584, 0.995, 2.7605, 0.998889, 2.601, 0.992222, 2.283, 0.995, 2.4705, 0.997778, 2.726, 0.997778, 3.198, 0.998056, 3.248, 0.996389
142, 4.099, 3.799, 0.995278, 3.5625, 0.997778, 3.542, 0.997778, 3.849, 0.997778, 4.492, 0.997778, 4.868, 0.995, 5.1175, 0.997778, 5.032, 0.998056, 4.7885, 0.997778, 6.213, 0.998333, 6.553, 0.995, 6.739, 0.997778, 6.389, 0.997778, 5.646, 0.997778, 5.792, 0.997778, 5.395, 0.995278, 5.186, 0.997778, 2.708, 0.997222, 2.467, 0.997778, 2.311, 0.995, 2.338, 0.995278, 2.634, 0.995, 3.4135, 0.997778, 3.77, 0.998889
143, 4.052, 3.8865, 0.997778, 3.666, 0.997778, 3.619, 0.997778, 3.977, 0.995, 4.067, 0.997778, 4.598, 0.997222, 4.505, 0.995, 4.645, 0.998056, 4.864, 0.997778, 6.71, 0.995, 7.119, 0.997778, 6.9045, 0.997778, 6.489, 0.997778, 6.1515, 0.997778, 5.9715, 0.995278, 5.63, 0.997778, 3.9985, 0.998056, 2.2825, 0.997778, 2.648, 0.995, 2.3195, 0.997778, 2.188, 0.995, 2.762, 0.997778, 3.366, 0.997778, 3.888, 0.996944
144, 3.8665, 3.7805, 0.997778, 3.835, 0.995278, 3.725, 0.997778, 3.855, 0.997778, 3.959, 0.997778, 4.1615, 0.997778, 4.45, 0.992222, 5.372, 0.995278, 4.803, 0.998056, 5.968, 0.997778, 6.534, 0.997778, 6.3525, 0.997778, 4.725, 0.995, 5.177, 0.992222, 5.695, 0.997778, 4.615, 0.998056, 3.346, 0.997778, 2.8405, 0.995278, 3.126, 0.997778, 2.295, 0.995278, 2.1765, 0.986944, 2.57, 0.997778, 3.312, 0.995, 3.847, 0.999167
145, 4.1345, 4.219, 0.997778, 4.1005, 0.998056, 4.1925, 0.997778, 4.399, 0.997778, 4.764, 0.995, 4.4075, 0.997778, 4.741, 0.997778, 5.054, 0.997778, 5.722, 0.997778, 6.581, 0.996667, 6.13, 0.997778, 6.391, 0.997778, 5.779, 0.995, 6.099, 0.997778, 4.209, 0.997778, 3.56, 0.997778, 3.5425, 0.997778, 2.676, 0.996667, 2.7355, 0.998056, 2.3225, 0.997778, 2.175, 0.9925, 2.747, 0.997778, 3.1575, 0.997778, 3.832, 0.996389
146, 4.145, 3.939, 0.997778, 3.827, 0.995, 4.18, 0.997778, 4.389, 0.997778, 4.04, 0.998056, 4.286, 0.997778, 4.886, 0.995, 4.868, 0.981389, 5.141, 0.997778, 6.1645, 0.996389, 6.174, 0.997778, 6.4305, 0.997778, 5.657, 0.995278, 5.869, 0.997778, 4.851, 0.995278, 5.775, 0.997778, 4.621, 0.997778, 1.77, 0.996389, 2.603, 0.995, 2.252, 0.997778, 2.3155, 0.997778, 2.914, 0.997778, 3.189, 0.995278, 3.818, 0.998889
147, 3.927, 3.654, 0.998056, 3.776, 0.997778, 4.0255, 0.997778, 4.805, 0.995, 3.7755, 0.997778, 4.123, 0.997778, 3.841, 0.997778, 3.71, 0.997778, 4.2425, 0.997778, 6.2285, 0.996389, 6.8565, 0.997778, 7.568, 0.995, 6.816, 0.997778, 6.8615, 0.997778, 6.1345, 0.997778, 6.444, 0.997778, 5.119, 0.995278, 1.562, 0.998889, 2.862, 0.997778, 2.354, 0.995, 2.5125, 0.997778, 2.744, 0.997778, 3.6155, 0.997778, 3.563, 0.996389
148, 3.873, 3.774, 0.995, 3.6725, 0.997778, 3.633, 0.997778, 3.676, 0.997778, 4.3125, 0.997778, 3.966, 0.997778, 4.1665, 0.995, 3.849, 0.997778, 5.431, 0.997778, 6.4825, 0.996389, 6.9685, 0.997778, 6.5485, 0.997778, 6.805, 0.997778, 7.241, 0.997778, 5.467, 0.995, 6.847, 0.997778, 5.197, 0.997778, 2.3, 0.996389, 2.4385, 0.997778, 2.2715, 0.978889, 2.318, 0.9925, 2.771, 0.997778, 3.464, 0.995, 3.8375, 0.999167
149, 3.919, 3.5965, 0.997778, 3.6725, 0.997778, 3.8735, 0.997778, 3.671, 0.995, 3.634, 0.997778, 4.118, 0.997778, 4.638, 0.997778, 4.633, 0.997778, 5.435, 0.995, 6.663, 0.999167, 6.8835, 0.997778, 6.315, 0.995, 6.694, 0.997778, 6.8965, 0.997778, 5.737, 0.997778, 6.121, 0.997778, 4.161, 0.995, 1.357, 0.999167, 2.4845, 0.9925, 2.3515, 0.970833, 2.289, 0.995, 2.576, 0.997778, 3.4275, 0.997778, 3.8215, 0.996111
150, 4.017, 3.884, 0.995278, 3.7065, 0.997778, 3.751, 0.998056, 3.8115, 0.997778, 4.1655, 0.997778, 4.144, 0.995, 4.307, 0.995, 4.962, 0.997778, 4.7695, 0.997778, 5.913, 0.996389, 6.3915, 0.997778, 6.523, 0.997778, 6.528, 0.997778, 6.825, 0.995, 4.776, 0.997778, 6.6445, 0.997778, 4.8515, 0.997778, 2.3385, 0.996389, 2.647, 0.997778, 2.336, 0.997778, 2.484, 0.998056, 2.739, 0.995278, 3.592, 0.998056, 3.851, 0.999167
151, 4.005, 3.69, 0.997778, 3.7805, 0.997778, 4.047, 0.995, 4.237, 0.997778, 4.3805, 0.997778, 4.326, 0.997778, 4.3625, 0.998056, 4.6615, 0.997778, 4.877, 0.995, 5.734, 0.999167, 6.327, 0.995, 6.378, 0.997778, 5.5725, 0.997778, 4.834, 0.997778, 4.705, 0.997778, 4.5985, 0.995278, 3.4245, 0.997778, 2.655, 0.999167, 2.941, 0.995278, 2.196, 0.997778, 2.448, 0.997778, 2.878, 0.997778, 3.78, 0.997778, 3.816, 0.996111
152, 4.133, 3.7775, 0.997778, 3.7935, 0.997778, 4.25, 0.997778, 4.2905, 0.997778, 4.754, 0.997778, 4.698, 0.995, 5.2065, 0.986944, 5.278, 0.997778, 5.353, 0.997778, 6.128, 0.996389, 6.048, 0.997778, 6.196, 0.998056, 6.3525, 0.997778, 5.7525, 0.995278, 3.6175, 0.997778, 3.797, 0.997778, 3.4835, 0.997778, 0.901, 0.968056, 2.914, 0.996389, 2.347, 0.997778, 2.295, 0.986944, 2.7525, 0.997778, 3.552, 0.997778, 3.711, 0.996389
153, 3.997, 3.4585, 0.997778, 3.791, 0.997778, 4.166, 0.995, 4.246, 0.997778, 4.2025, 0.997778, 4.5485, 0.997778, 5.03, 0.997778, 5.203, 0.995278, 5.024, 0.998056, 6.386, 0.999167, 6.567, 0.995, 6.3365, 0.997778, 6.441, 0.997778, 4.204, 0.997778, 4.008, 0.997778, 5.445, 0.995, 3.499, 0.997778, 2.921, 0.999167, 2.606, 0.995278, 2.289, 0.998056, 2.15, 0.997778, 2.6, 0.997778, 3.3015, 0.997778, 3.6735, 0.996389
154, 3.88, 3.75, 0.997778, 3.771, 0.997778, 4.165, 0.997778, 4.1145, 0.998056, 4.017, 0.995278, 4.008, 0.998056, 4.43, 0.997778, 4.558, 0.997778, 4.801, 0.997778, 6.003, 0.995833, 6.35, 0.997778, 6.2955, 0.997778, 5.7445, 0.998056, 5.963, 0.995278, 3.208, 0.998056, 3.925, 0.997778, 3.163, 0.997778, 1.9865, 0.996944, 2.744, 0.997778, 2.4235, 0.997778, 2.43, 0.995, 2.752, 0.997778, 3.5725, 0.997778, 3.813, 0.996111
155, 3.885, 3.5915, 0.997778, 3.916, 0.995278, 4.1165, 0.997778, 4.0985, 0.997778, 4.1925, 0.997778, 4.118, 0.997778, 4.907, 0.992222, 5.456, 0.995, 5.0555, 0.997778, 6.271, 0.998611, 6.333, 0.995278, 6.0945, 0.997778, 5.829, 0.997778, 6.716, 0.997778, 4.713, 0.997778, 3.015, 0.995, 3.272, 0.997778, 2.784, 0.996944, 2.503, 0.997778, 2.281, 0.925, 2.302, 0.995, 2.723, 0.997778, 3.278, 0.995, 3.6495, 0.999167
156, 3.976, 3.467, 0.997778, 3.743, 0.997778, 4.1615, 0.997778, 3.8135, 0.995, 3.8585, 0.997778, 3.969, 0.997778, 4.634, 0.995278, 4.65, 0.997778, 5.5675, 0.997778, 5.901, 0.995, 5.859, 0.997778, 6.434, 0.998611, 6.304, 0.995, 5.855, 0.997778, 5.3015, 0.998056, 5.446, 0.997778, 5.065, 0.996667, 1.516, 0.998056, 2.457, 0.997778, 2.245, 0.995, 2.172, 0.997778, 2.124, 0.997778, 3.5955, 0.997778, 3.7415, 0.996111
157, 3.743, 3.709, 0.995278, 3.6565, 0.997778, 3.763, 0.998056, 3.7685, 0.997778, 3.573, 0.997778, 3.5255, 0.997778, 3.499, 0.995, 3.98, 0.997778, 5.005, 0.997778, 6.3855, 0.9975, 7.555, 0.997778, 6.5015, 0.997778, 6.6745, 0.995, 5.891, 0.997778, 6.124, 0.997778, 5.646, 0.997778, 5.0615, 0.997778, 1.712, 0.995278, 2.632, 0.997778, 2.259, 0.997778, 2.3115, 0.998056, 2.5915, 0.997778, 3.204, 0.995278, 3.805, 0.999167
158, 3.825, 3.6335, 0.997778, 3.673, 0.997778, 3.754, 0.997778, 3.505, 0.995, 3.425, 0.997778, 3.551, 0.997778, 3.968, 0.998056, 4.088, 0.997778, 5.357, 0.995278, 7.053, 0.9975, 7.8355, 0.997778, 7.38, 0.997778, 8.0645, 0.997778, 6.8115, 0.997778, 6.878, 0.995, 7.0065, 0.997778, 5.891, 0.997778, 2.577, 0.998056, 2.741, 0.986944, 2.345, 0.995, 2.4515, 0.997778, 2.741, 0.997778, 3.56, 0.997778, 3.527, 0.996111
159, 3.69, 3.258, 0.995, 3.5995, 0.997778, 3.547, 0.997778, 3.361, 0.997778, 3.1585, 0.997778, 3.512, 0.995278, 4.0315, 0.997778, 4.472, 0.997778, 5.649, 0.997778, 7.289, 0.9975, 8.795, 0.997778, 7.531, 0.995, 7.197, 0.997778, 6.9705, 0.997778, 6.804, 0.997778, 7.279, 0.997778, 6.088, 0.995278, 2.783, 0.998056, 2.426, 0.995, 2.3165, 0.997778, 2.285, 0.997778, 3.012, 0.995, 3.5275, 0.997778, 3.204, 0.998889
160, 3.753, 3.0745, 0.997778, 3.5895, 0.998056, 3.531, 0.995278, 3.4075, 0.998056, 3.4775, 0.997778, 3.8215, 0.997778, 4.2315, 0.997778, 4.751, 0.995, 5.401, 0.997778, 7.1365, 0.9975, 8.986, 0.997778, 8.552, 0.998056, 7.605, 0.997778, 6.705, 0.995278, 6.563, 0.997778, 6.7585, 0.997778, 5.887, 0.997778, 2.499, 0.998056, 2.5355, 0.995, 2.546, 0.997778, 2.711, 0.995, 3.131, 0.997778, 3.4265, 0.997778, 3.2675, 0.996389
161, 3.974, 3.592, 0.995278, 3.635, 0.997778, 3.568, 0.998056, 3.497, 0.997778, 3.974, 0.997778, 4.4035, 0.997778, 4.768, 0.995, 4.614, 0.997778, 5.676, 0.997778, 6.579, 0.998333, 7.714, 0.995278, 7.361, 0.997778, 7.163, 0.997778, 6.825, 0.997778, 6.528, 0.997778, 6.4485, 0.995, 5.649, 0.997778, 2.7475, 0.997222, 2.631, 0.997778, 2.413, 0.997778, 2.5765, 0.997778, 2.863, 0.995, 3.5295, 0.997778, 3.628, 0.998889
162, 3.814, 3.716, 0.998056, 3.588, 0.997778, 3.555, 0.997778, 3.485, 0.746389, , , 4.318, 0.4975, 4.522, 0.997778, 4.215, 0.997778, 4.553, 0.995278, 6.2735, 0.998333, 8.05, 0.997778, 7.111, 0.997778, 6.6915, 0.995, 6.506, 0.997778, 4.772, 0.997778, 6.043, 0.997778, 5.136, 0.997778, 2.7275, 0.997222, 3.375, 0.995833, 2.628, 0.997778, 3.2095, 0.998056, 3.59, 0.997778, 3.523, 0.995278, 3.512, 0.998333
163, 3.85, 3.6955, 0.997778, 3.6225, 0.997778, 3.654, 0.997778, 3.6445, 0.995, 3.9285, 0.997778, 4.074, 0.997778, 4.501, 0.997778, 4.583, 0.995278, 5.008, 0.995278, 5.731, 0.997778, 6.375, 0.998056, 6.2915, 0.997778, 6.2385, 0.997778, 5.8635, 0.997778, 5.0095, 0.995, 6.52, 0.997778, 3.871, 0.997778, 2.732, 0.997778, 2.96, 0.997778, 2.727, 0.995278, 2.4355, 0.997778, 3.0035, 0.997778, 3.581, 0.998056, 3.664, 0.996389
164, 3.903, 3.399, 0.995278, 3.741, 0.997778, 3.8185, 0.997778, 3.9055, 0.997778, 3.6915, 0.997778, 4.049, 0.995, 4.7625, 0.997778, 4.786, 0.997778, 5.292, 0.997778, 5.9695, 0.998056, 6.734, 0.997778, 6.3745, 0.995, 6.797, 0.997778, 6.469, 0.997778, 4.778, 0.997778, 4.455, 0.997778, 3.423, 0.995, 2.7505, 0.997778, 3.028, 0.997778, 2.215, 0.981389, 2.5515, 0.998056, 2.851, 0.995278, 3.879, 0.998056, 3.628, 0.998889
165, 3.875, 3.506, 0.997778, 3.5495, 0.997778, 3.656, 0.995, 3.722, 0.997778, 3.83, 0.997778, 4.1605, 0.997778, 4.82, 0.998056, 4.444, 0.997778, 4.844, 0.995278, 5.974, 0.997778, 7.107, 0.997778, 6.882, 0.997778, 6.527, 0.997778, 6.626, 0.995, 5.182, 0.997778, 5.663, 0.997778, 5.098, 0.997778, 0.7005, 0.996389, 2.4035, 0.995278, 2.286, 0.976389, 2.467, 0.989722, 2.867, 0.995278, 3.421, 0.997778, 3.6705, 0.997778
166, 3.955, 3.651, 0.997778, 3.657, 0.997778, 3.765, 0.995, 3.618, 0.997778, 3.9945, 0.997778, 4.057, 0.997778, 4.224, 0.997778, 4.0205, 0.997778, 5.1, 0.995, 6.679, 0.999444, 7.812, 0.995, 7.7055, 0.997778, 7.43, 0.997778, 6.621, 0.997778, 6.714, 0.997778, 7.671, 0.995278, 6.079, 0.997778, 1.319, 0.998889, 2.421, 0.989722, 2.287, 0.997778, 2.453, 0.997778, 2.663, 0.997778, 3.328, 0.997778, 3.663, 0.996111
167, 3.779, 3.422, 0.997778, 3.7275, 0.997778, 3.368, 0.997778, 3.3405, 0.998056, 3.39, 0.997778, 3.77, 0.995278, 3.9115, 0.997778, 4.1115, 0.997778, 4.9935, 0.997778, 7.047, 0.996667, 8.8895, 0.997778, 7.925, 0.997778, 6.567, 0.995278, 7.191, 0.997778, 8.0725, 0.998056, 8.3475, 0.997778, 6.4745, 0.997778, 0.711, 0.993611, 2.422, 0.995, 2.263, 0.997778, 2.587, 0.995, 2.546, 0.997778, 3.463, 0.997778, 3.6525, 0.996111
168, 3.759, 3.646, 0.997778, 3.5875, 0.997778, 3.112, 0.995278, 3.349, 0.997778, 3.2585, 0.997778, 3.749, 0.995833, 4.508, 0.997778, 4.2655, 0.998889, 5.276, 0.995, 7.049, 0.999444, 7.793, 0.995278, 8.0875, 0.997778, 7.196, 0.997778, 6.655, 0.997778, 6.755, 0.997778, 7.986, 0.997778, 5.969, 0.995, 0.702, 0.996944, 2.573, 0.997778, 2.498, 0.989722, 2.458, 0.997778, 2.714, 0.997778, 3.553, 0.995278, 3.64, 0.998889
169, 3.864, 3.509, 0.998056, 3.722, 0.997778, 3.5165, 0.997778, 3.452, 0.997778, 3.554, 0.995, 3.8715, 0.997778, 4.5, 0.997778, 4.744, 0.997778, 5.401, 0.997778, 6.799, 0.996111, 7.89, 0.998056, 8.0315, 0.997778, 7.295, 0.997778, 6.687, 0.995, 7.129, 0.997778, 7.714, 0.997778, 6.061, 0.997778, 0.697, 0.996944, 2.434, 0.997778, 2.4245, 0.995, 2.5695, 0.995, 2.808, 0.997778, 3.105, 0.998056, 3.609, 0.996389
170, 3.888, 3.7, 0.997778, 3.717, 0.995, 3.3885, 0.997778, 3.336, 0.997778, 3.7735, 0.997778, 3.7415, 0.997778, 4.582, 0.995278, 4.5935, 0.997778, 5.1515, 0.998056, 7.0955, 0.998611, 8.6985, 0.995, 8.4115, 0.997778, 7.3735, 0.997778, 7.4595, 0.997778, 6.751, 0.997778, 8.059, 0.995278, 5.581, 0.997778, 0.466, 0.980833, 2.4095, 0.998056, 2.293, 0.997778, 2.551, 0.997778, 2.839, 0.997778, 3.265, 0.995, 3.727, 0.998889
171, 4.68, 3.61, 0.997778, 3.712, 0.997778, 3.496, 0.997778, 3.329, 0.995278, 3.802, 0.997778, 3.9025, 0.998056, 4.377, 0.997778, 4.3895, 0.997778, 5.362, 0.995, 7.648, 0.998611, 9.486, 0.997778, 8.0185, 0.997778, 8.126, 0.995, 8.062, 0.997778, 8.204, 0.998056, 7.3155, 0.997778, 6.3145, 0.997778, 0.49, 0.348056, , , , , , , , , , , 3.6485, 0.381111
172, 5.306, , , , , , , , , , , , , , , 4.775, 0.670556, 5.614, 0.997778, 7.345, 0.997778, 9.125, 0.998056, 7.634, 0.995278, 6.962, 0.998056, 7.9505, 0.997778, 8.443, 0.997778, 7.233, 0.997778, 6.6085, 0.995, 0.6295, 0.997778, 2.461, 0.997778, 2.286, 0.995, 2.437, 0.997778, 2.835, 0.995, 3.512, 0.997778, 3.3, 0.627222
173, 3.948, 3.2655, 0.997778, 3.7355, 0.997778, 3.6165, 0.997778, 3.057, 0.995, 3.777, 0.997778, 3.839, 0.997778, 4.5095, 0.997778, 4.8635, 0.997778, 5.701, 0.995278, 7.2345, 0.998056, 9.351, 0.997778, 7.6045, 0.997778, 7.969, 0.997778, 7.003, 0.995, 7.111, 0.997778, 7.98, 0.997778, 6.2905, 0.997778, 0.692, 0.997778, 2.624, 0.995278, 2.349, 0.995, 2.572, 0.995278, 2.662, 0.997778, 3.7925, 0.997778, 3.431, 0.996389
174, 3.672, 3.057, 0.995, 3.558, 0.997778, 3.2215, 0.997778, 3.134, 0.997778, 3.349, 0.997778, 3.518, 0.995278, 4.389, 0.997778, 4.2845, 0.997778, 5.547, 0.997778, 7.7355, 0.997778, 9.3805, 0.995, 8.3145, 0.997778, 7.9915, 0.997778, 9.1445, 0.997778, 7.7135, 0.998056, 8.7805, 0.997778, 6.833, 0.995278, 0.249, 0.997778, 2.625, 0.997778, 2.455, 0.997778, 2.4195, 0.997778, 2.798, 0.995, 3.3705, 0.997778, 3.458, 0.998889
175, 3.7975, 3.1685, 0.997778, 3.1385, 0.998056, 3.472, 0.995278, 3.32, 0.998056, 3.646, 0.997778, 3.9955, 0.997778, 4.682, 0.997778, 4.146, 0.995, 5.3455, 0.997778, 8.136, 0.997778, 11.188, 0.997778, 9.676, 0.997778, 9.529, 0.995, 9.063, 0.997778, 8.964, 0.997778, 7.455, 0.997778, 6.482, 0.997778, 0.441, 0.989444, 2.574, 0.997778, 2.625, 0.997778, 2.7055, 0.997778, 2.7165, 0.997778, 3.6005, 0.998056, 3.571, 0.996389
176, 3.736, 2.9045, 0.998056, 3.292, 0.997778, 3.19, 0.997778, 3.41, 0.997778, 3.217, 0.995, 3.7265, 0.997778, 4.644, 0.997778, 4.545, 0.997778, 5.6675, 0.998056, 7.606, 0.997778, 9.343, 0.995, 8.2145, 0.997778, 8.9835, 0.997778, 8.725, 0.997778, 6.972, 0.997778, 7.619, 0.995, 6.8835, 0.997778, 0.628, 0.997778, 2.587, 0.998056, 2.396, 0.997778, 2.265, 0.995278, 2.9335, 0.997778, 3.407, 0.997778, 3.1485, 0.996389
177, 3.741, 2.7735, 0.997778, 3.552, 0.995, 3.629, 0.997778, 3.425, 0.997778, 3.383, 0.997778, 3.589, 0.997778, 4.436, 0.997778, 4.764, 0.995, 5.3725, 0.997778, 7.61, 0.997778, 9.253, 0.997778, 8.403, 0.997778, 8.773, 0.995278, 7.7315, 0.997778, 7.651, 0.998056, 8.982, 0.997778, 6.537, 0.997778, 0.435, 0.995, 2.4195, 0.997778, 2.4255, 0.984167, 2.4115, 0.997778, 2.67, 0.997778, 3.235, 0.995, 2.967, 0.998889
178, 3.815, 2.7, 0.997778, 3.2615, 0.998056, 3.604, 0.997778, 3.39, 0.997778, 3.08, 0.995, 3.988, 0.997778, 4.2175, 0.997778, 4.613, 0.997778, 5.802, 0.997778, 8.2155, 0.995556, 8.9015, 0.998056, 8.4465, 0.997778, 8.3335, 0.997778, 8.2445, 0.997778, 7.669, 0.995, 7.7785, 0.997778, 7.3135, 0.994722, 0.249, 0.96, 2.457, 0.987222, 2.5165, 0.998056, 2.938, 0.995278, 2.959, 0.998056, 3.491, 0.997778, 3.2985, 0.996389
179, 3.651, 2.4695, 0.997778, 3.12, 0.995, 3.4875, 0.997778, 3.146, 0.997778, 3.2235, 0.997778, 3.5655, 0.998056, 4.3455, 0.997778, 4.645, 0.995, 5.499, 0.997778, 7.97, 0.996944, 9.94, 0.997778, 8.1365, 0.997778, 8.0115, 0.997778, 8.062, 0.995278, 6.9395, 0.997778, 8.016, 0.998056, 6.0685, 0.997778, 2.4535, 0.995833, 2.818, 0.9925, 2.519, 0.997778, 2.5445, 0.997778, 2.7695, 0.997778, 3.354, 0.995, 3.136, 0.998889
180, 3.872, 3.608, 0.997778, 3.5855, 0.998056, 3.4615, 0.997778, 3.5555, 0.997778, 3.755, 0.995, 4.11, 0.997778, 4.364, 0.997778, 4.878, 0.997778, 5.868, 0.998056, 6.4285, 0.996944, 7.87, 0.997778, 6.837, 0.995, 6.618, 0.997778, 6.6805, 0.997778, 6.125, 0.997778, 7.699, 0.997778, 5.73, 0.995278, 0.681, 0.998611, 2.3775, 0.997778, 2.291, 0.997778, 2.699, 0.995, 2.7795, 0.997778, 3.1585, 0.997778, 3.379, 0.996389
181, 4.073, 3.598, 0.997778, 3.602, 0.995, 3.8, 0.997778, 3.5495, 0.997778, 3.915, 0.997778, 3.891, 0.997778, 4.822, 0.995, 4.825, 0.997778, 6.246, 0.997778, 7.978, 0.994167, 8.566, 0.997778, 7.5465, 0.998056, 6.627, 0.997778, 7.288, 0.995, 7.313, 0.997778, 9.081, 0.997778, 6.2745, 0.997778, 0.624, 0.995833, 2.368, 0.997778, 2.502, 0.995278, 2.396, 0.998056, 2.82, 0.997778, 3.154, 0.995278, 3.377, 0.999167
182, 5.042, 2.726, 0.997778, 3.377, 0.997778, 3.764, 0.997778, 3.801, 0.995, 3.642, 0.997778, 4.171, 0.997778, 4.6, 0.998611, 4.856, 0.999444, 5.6985, 0.999444, 8.015, 0.999444, 8.724, 0.999444, 8.036, 0.999444, 8.769, 0.999444, 8.5305, 0.999722, 9.089, 0.999444, 9.567, 0.999444, 6.561, 0.999444, 2.575, 0.998889, 2.3525, 0.999444, 2.218, 0.999444, 2.6755, 0.999444, 3.094, 0.999444, 3.507, 0.999444, 3.3795, 0.9975
183, 3.865, 3.338, 0.999444, 3.23, 0.999444, 3.486, 0.999444, 3.227, 0.999444, 3.464, 0.999444, 3.96, 0.999444, 4.3585, 0.999444, 4.682, 0.999722, 5.611, 0.999444, 8.154, 0.999444, 9.389, 0.999444, 7.618, 0.999444, 8.795, 0.999444, 7.75, 0.999444, 7.415, 0.999444, 8.627, 0.999444, 6.206, 0.999444, 0.486, 0.999444, 2.309, 0.969167, 2.199, 0.997778, 2.7655, 0.999444, 3.045, 0.999444, 3.59, 0.999444, 3.092, 0.999444
184, 3.977, 3.347, 0.999444, 3.371, 0.999722, 3.458, 0.999444, 3.393, 0.999444, 3.596, 0.999444, 3.979, 0.999444, 4.412, 0.999444, 5.388, 0.999444, 5.836, 0.999444, 7.5305, 0.999444, 8.8315, 0.999444, 7.5485, 0.999444, 7.287, 0.999444, 7.84, 0.999444, 8.03, 0.999444, 7.169, 0.999444, 5.923, 0.999444, 0.617, 0.999722, 2.353, 0.995833, 2.567, 0.998889, 2.85, 0.999444, 3.219, 0.999444, 3.737, 0.999444, 3.489, 0.999167
185, 4.304, 3.706, 0.999444, 3.66, 0.999444, 3.465, 0.999444, 3.789, 0.999444, 4.034, 0.999444, 4.839, 0.999444, 4.997, 0.999444, 5.1915, 0.999444, 6.0275, 0.999444, 7.17, 0.999722, 8.747, 0.999444, 8.14, 0.999444, 7.558, 0.999444, 7.319, 0.999444, 8.054, 0.999444, 7.263, 0.999444, 5.681, 0.999444, 0.482, 0.999444, 2.448, 0.98, 2.542, 0.911667, 2.667, 0.999444, 3.1, 0.999444, 3.482, 0.999444, 3.132, 0.999722
186, 4.005, 3.608, 0.999444, 3.419, 0.999444, 3.2965, 0.999722, 3.1415, 0.999444, 3.927, 0.999444, 4.206, 0.999444, 4.206, 0.999444, 5.015, 0.999444, 5.83, 0.999444, 8.4535, 0.999444, 10.431, 0.999444, 9.3025, 0.999444, 9.459, 0.999444, 8.527, 0.999444, 8.175, 0.999444, 8.348, 0.999444, 6.246, 0.999444, 0.438, 0.999444, 2.447, 0.999444, 2.77, 0.999444, 2.986, 0.999444, 3.53, 0.999444, 3.461, 0.999444, 3.2025, 0.999167
187, 3.776, 3.185, 0.999444, 3.526, 0.999444, 3.843, 0.999167, 3.258, 0.999444, 3.351, 0.999444, 3.333, 0.999444, 3.914, 0.999444, 4.2865, 0.999444, 5.9435, 0.999444, 8.258, 0.999444, 9.7225, 0.999444, 9.052, 0.999444, 8.495, 0.999444, 8.2, 0.999444, 7.414, 0.999444, 9.238, 0.999444, 6.1555, 0.983889, 1.7195, 0.977222, 2.519, 0.999444, 2.447, 0.999444, 2.785, 0.999444, 2.902, 0.999444, 3.742, 0.999444, 3.092, 0.999722
188, 3.725, 3.421, 0.999444, 3.6765, 0.999722, 3.584, 0.999444, 3.355, 0.999444, 3.575, 0.999444, 3.53, 0.999444, 3.776, 0.999444, 4.094, 0.999444, 5.015, 0.999444, 7.6, 0.999722, 7.914, 0.999444, 7.2585, 0.999444, 7.6545, 0.999444, 6.9485, 0.999444, 7.118, 0.999444, 7.578, 0.999444, 5.356, 0.999444, 0.654, 0.999722, 2.587, 0.999444, 2.405, 0.999444, 2.6355, 0.999444, 2.862, 0.999444, 3.412, 0.999444, 3.399, 0.999167
189, 3.884, 3.552, 0.999444, 3.632, 0.999444, 3.483, 0.999444, 2.836, 0.999444, 3.326, 0.999444, 3.922, 0.999444, 4.069, 0.999722, 5.397, 0.999444, 6.42, 0.999444, 8.0765, 0.999167, 8.228, 0.999444, 8.3135, 0.999444, 7.693, 0.999444, 6.872, 0.999722, 5.858, 0.999444, 6.994, 0.999444, 6.13, 0.999444, 0.466, 0.992222, 2.605, 0.997222, 2.446, 0.999444, 2.404, 0.999444, 2.622, 0.999444, 3.5795, 0.999722, 3.666, 0.999167
190, 3.687, 3.457, 0.999444, 3.521, 0.999444, 3.68, 0.999444, 3.348, 0.999444, 3.42, 0.999444, 3.142, 0.999167, 3.972, 0.999444, 4.759, 0.999444, 6.081, 0.999444, 7.771, 0.999444, 8.588, 0.999444, 8.878, 0.999444, 9.278, 0.999722, 8.644, 0.999444, 7.017, 0.999444, 8.41, 0.999444, 6.047, 0.999444, 0.247, 0.999444, 2.442, 0.998889, 2.3985, 0.999444, 2.795, 0.999167, 3.033, 0.999444, 3.38, 0.999444, 3.218, 0.999722
191, 3.626, 3.506, 0.999444, 3.61, 0.999444, 3.584, 0.999444, 3.355, 0.999722, 2.112, 0.999444, 1.551, 0.999444, 3.497, 0.999444, 4.354, 0.999444, 6.98, 0.999444, 8.613, 0.999444, 9.809, 0.999167, 10.679, 0.999444, 8.574, 0.999444, 7.329, 0.999444, 8.72, 0.999444, 8.374, 0.999444, 6.535, 0.999444, 0.443, 0.988056, 2.443, 0.988056, 2.4785, 0.999444, 2.9835, 0.999444, 3.05, 0.999444, 3.39, 0.999444, 3.149, 0.999167
